0 TS dt 0.01 time 0.
    0 SNES Function norm 2.804841735063e-11
    0 SNES Function norm 2.804841735063e-11
    0 SNES Function norm 3.818507357181e-11
1 TS dt 0.01 time 0.01
    0 SNES Function norm 2.804315989879e-11
    0 SNES Function norm 2.804315989879e-11
    0 SNES Function norm 3.818920722619e-11
2 TS dt 0.01 time 0.02
    0 SNES Function norm 2.804308562749e-11
    0 SNES Function norm 2.804308562749e-11
    0 SNES Function norm 3.818944090182e-11
3 TS dt 0.01 time 0.03
    0 SNES Function norm 2.804315946256e-11
    0 SNES Function norm 2.804315946256e-11
    0 SNES Function norm 3.818920215999e-11
4 TS dt 0.01 time 0.04
    0 SNES Function norm 2.804308562749e-11
    0 SNES Function norm 2.804308562749e-11
    0 SNES Function norm 3.818944090182e-11
5 TS dt 0.01 time 0.05
    0 SNES Function norm 2.804315946256e-11
    0 SNES Function norm 2.804315946256e-11
    0 SNES Function norm 3.818920215999e-11
6 TS dt 0.01 time 0.06
    0 SNES Function norm 2.804308562749e-11
    0 SNES Function norm 2.804308562749e-11
    0 SNES Function norm 3.818944090182e-11
7 TS dt 0.01 time 0.07
    0 SNES Function norm 2.804315946256e-11
    0 SNES Function norm 2.804315946256e-11
    0 SNES Function norm 3.818920215999e-11
8 TS dt 0.01 time 0.08
    0 SNES Function norm 2.804308562749e-11
    0 SNES Function norm 2.804308562749e-11
    0 SNES Function norm 3.818944090182e-11
9 TS dt 0.01 time 0.09
    0 SNES Function norm 2.804315946256e-11
    0 SNES Function norm 2.804315946256e-11
    0 SNES Function norm 3.818920215999e-11
10 TS dt 0.01 time 0.1
    0 SNES Function norm 2.804308562749e-11
    0 SNES Function norm 2.804308562749e-11
    0 SNES Function norm 3.818944090182e-11
11 TS dt 0.01 time 0.11
    0 SNES Function norm 2.804315946256e-11
    0 SNES Function norm 2.804315946256e-11
    0 SNES Function norm 3.818920215999e-11
12 TS dt 0.01 time 0.12
    0 SNES Function norm 2.804308562749e-11
    0 SNES Function norm 2.804308562749e-11
    0 SNES Function norm 3.818944090182e-11
13 TS dt 0.01 time 0.13
    0 SNES Function norm 2.804315946256e-11
    0 SNES Function norm 2.804315946256e-11
    0 SNES Function norm 3.818920215999e-11
14 TS dt 0.01 time 0.14
    0 SNES Function norm 2.804308562749e-11
    0 SNES Function norm 2.804308562749e-11
    0 SNES Function norm 3.818944090182e-11
15 TS dt 0.01 time 0.15
    0 SNES Function norm 2.804315946256e-11
    0 SNES Function norm 2.804315946256e-11
    0 SNES Function norm 3.818920215999e-11
16 TS dt 0.01 time 0.16
    0 SNES Function norm 2.804308562749e-11
    0 SNES Function norm 2.804308562749e-11
    0 SNES Function norm 3.818944090182e-11
17 TS dt 0.01 time 0.17
    0 SNES Function norm 2.804315946256e-11
    0 SNES Function norm 2.804315946256e-11
    0 SNES Function norm 3.818920215999e-11
18 TS dt 0.01 time 0.18
    0 SNES Function norm 2.804308562749e-11
    0 SNES Function norm 2.804308562749e-11
    0 SNES Function norm 3.818944090182e-11
19 TS dt 0.01 time 0.19
    0 SNES Function norm 2.804315946256e-11
    0 SNES Function norm 2.804315946256e-11
    0 SNES Function norm 3.818920215999e-11
20 TS dt 0.01 time 0.2
    0 SNES Function norm 2.804308562749e-11
    0 SNES Function norm 2.804308562749e-11
    0 SNES Function norm 3.818944090182e-11
21 TS dt 0.01 time 0.21
    0 SNES Function norm 2.804315946256e-11
    0 SNES Function norm 2.804315946256e-11
    0 SNES Function norm 3.818920215999e-11
22 TS dt 0.01 time 0.22
    0 SNES Function norm 2.804308562749e-11
    0 SNES Function norm 2.804308562749e-11
    0 SNES Function norm 3.818944090182e-11
23 TS dt 0.01 time 0.23
    0 SNES Function norm 2.804315946256e-11
    0 SNES Function norm 2.804315946256e-11
    0 SNES Function norm 3.818920215999e-11
24 TS dt 0.01 time 0.24
    0 SNES Function norm 2.804308562749e-11
    0 SNES Function norm 2.804308562749e-11
    0 SNES Function norm 3.818944090182e-11
25 TS dt 0.01 time 0.25
    0 SNES Function norm 2.804315946256e-11
    0 SNES Function norm 2.804315946256e-11
    0 SNES Function norm 3.818920215999e-11
26 TS dt 0.01 time 0.26
    0 SNES Function norm 2.804308562749e-11
    0 SNES Function norm 2.804308562749e-11
    0 SNES Function norm 3.818944090182e-11
27 TS dt 0.01 time 0.27
    0 SNES Function norm 2.804315946256e-11
    0 SNES Function norm 2.804315946256e-11
    0 SNES Function norm 3.818920215999e-11
28 TS dt 0.01 time 0.28
    0 SNES Function norm 2.804308562749e-11
    0 SNES Function norm 2.804308562749e-11
    0 SNES Function norm 3.818944090182e-11
29 TS dt 0.01 time 0.29
    0 SNES Function norm 2.804315946256e-11
    0 SNES Function norm 2.804315946256e-11
    0 SNES Function norm 3.818920215999e-11
30 TS dt 0.01 time 0.3
    0 SNES Function norm 2.804308562749e-11
    0 SNES Function norm 2.804308562749e-11
    0 SNES Function norm 3.818944090182e-11
31 TS dt 0.01 time 0.31
    0 SNES Function norm 2.804315946256e-11
    0 SNES Function norm 2.804315946256e-11
    0 SNES Function norm 3.818920215999e-11
32 TS dt 0.01 time 0.32
    0 SNES Function norm 2.804308562749e-11
    0 SNES Function norm 2.804308562749e-11
    0 SNES Function norm 3.818944090182e-11
33 TS dt 0.01 time 0.33
    0 SNES Function norm 2.804315946256e-11
    0 SNES Function norm 2.804315946256e-11
    0 SNES Function norm 3.818920215999e-11
34 TS dt 0.01 time 0.34
    0 SNES Function norm 2.804308562749e-11
    0 SNES Function norm 2.804308562749e-11
    0 SNES Function norm 3.818944090182e-11
35 TS dt 0.01 time 0.35
    0 SNES Function norm 2.804315946256e-11
    0 SNES Function norm 2.804315946256e-11
    0 SNES Function norm 3.818920215999e-11
36 TS dt 0.01 time 0.36
    0 SNES Function norm 2.804308562749e-11
    0 SNES Function norm 2.804308562749e-11
    0 SNES Function norm 3.818944090182e-11
37 TS dt 0.01 time 0.37
    0 SNES Function norm 2.804315946256e-11
    0 SNES Function norm 2.804315946256e-11
    0 SNES Function norm 3.818920215999e-11
38 TS dt 0.01 time 0.38
    0 SNES Function norm 2.804308562749e-11
    0 SNES Function norm 2.804308562749e-11
    0 SNES Function norm 3.818944090182e-11
39 TS dt 0.01 time 0.39
    0 SNES Function norm 2.804315946256e-11
    0 SNES Function norm 2.804315946256e-11
    0 SNES Function norm 3.818920215999e-11
40 TS dt 0.01 time 0.4
    0 SNES Function norm 2.804308562749e-11
    0 SNES Function norm 2.804308562749e-11
    0 SNES Function norm 3.818944090182e-11
41 TS dt 0.01 time 0.41
    0 SNES Function norm 2.804315946256e-11
    0 SNES Function norm 2.804315946256e-11
    0 SNES Function norm 3.818920215999e-11
42 TS dt 0.01 time 0.42
    0 SNES Function norm 2.804308562749e-11
    0 SNES Function norm 2.804308562749e-11
    0 SNES Function norm 3.818944090182e-11
43 TS dt 0.01 time 0.43
    0 SNES Function norm 2.804315946256e-11
    0 SNES Function norm 2.804315946256e-11
    0 SNES Function norm 3.818920215999e-11
44 TS dt 0.01 time 0.44
    0 SNES Function norm 2.804308562749e-11
    0 SNES Function norm 2.804308562749e-11
    0 SNES Function norm 3.818944090182e-11
45 TS dt 0.01 time 0.45
    0 SNES Function norm 2.804315946256e-11
    0 SNES Function norm 2.804315946256e-11
    0 SNES Function norm 3.818920215999e-11
46 TS dt 0.01 time 0.46
    0 SNES Function norm 2.804308562749e-11
    0 SNES Function norm 2.804308562749e-11
    0 SNES Function norm 3.818944090182e-11
47 TS dt 0.01 time 0.47
    0 SNES Function norm 2.804315946256e-11
    0 SNES Function norm 2.804315946256e-11
    0 SNES Function norm 3.818920215999e-11
48 TS dt 0.01 time 0.48
    0 SNES Function norm 2.804308562749e-11
    0 SNES Function norm 2.804308562749e-11
    0 SNES Function norm 3.818944090182e-11
49 TS dt 0.01 time 0.49
    0 SNES Function norm 2.804315946256e-11
    0 SNES Function norm 2.804315946256e-11
    0 SNES Function norm 3.818920215999e-11
50 TS dt 0.01 time 0.5
    0 SNES Function norm 2.804308562749e-11
    0 SNES Function norm 2.804308562749e-11
    0 SNES Function norm 3.818944090182e-11
51 TS dt 0.01 time 0.51
    0 SNES Function norm 2.804315946256e-11
    0 SNES Function norm 2.804315946256e-11
    0 SNES Function norm 3.818920215999e-11
52 TS dt 0.01 time 0.52
    0 SNES Function norm 2.804308562749e-11
    0 SNES Function norm 2.804308562749e-11
    0 SNES Function norm 3.818944090182e-11
53 TS dt 0.01 time 0.53
    0 SNES Function norm 2.804315946256e-11
    0 SNES Function norm 2.804315946256e-11
    0 SNES Function norm 3.818920215999e-11
54 TS dt 0.01 time 0.54
    0 SNES Function norm 2.804308562749e-11
    0 SNES Function norm 2.804308562749e-11
    0 SNES Function norm 3.818944090182e-11
55 TS dt 0.01 time 0.55
    0 SNES Function norm 2.804315946256e-11
    0 SNES Function norm 2.804315946256e-11
    0 SNES Function norm 3.818920215999e-11
56 TS dt 0.01 time 0.56
    0 SNES Function norm 2.804308562749e-11
    0 SNES Function norm 2.804308562749e-11
    0 SNES Function norm 3.818944090182e-11
57 TS dt 0.01 time 0.57
    0 SNES Function norm 2.804315946256e-11
    0 SNES Function norm 2.804315946256e-11
    0 SNES Function norm 3.818920215999e-11
58 TS dt 0.01 time 0.58
    0 SNES Function norm 2.804308562749e-11
    0 SNES Function norm 2.804308562749e-11
    0 SNES Function norm 3.818944090182e-11
59 TS dt 0.01 time 0.59
    0 SNES Function norm 2.804315946256e-11
    0 SNES Function norm 2.804315946256e-11
    0 SNES Function norm 3.818920215999e-11
60 TS dt 0.01 time 0.6
    0 SNES Function norm 2.804308562749e-11
    0 SNES Function norm 2.804308562749e-11
    0 SNES Function norm 3.818944090182e-11
61 TS dt 0.01 time 0.61
    0 SNES Function norm 2.804315946256e-11
    0 SNES Function norm 2.804315946256e-11
    0 SNES Function norm 3.818920215999e-11
62 TS dt 0.01 time 0.62
    0 SNES Function norm 2.804308562749e-11
    0 SNES Function norm 2.804308562749e-11
    0 SNES Function norm 3.818944090182e-11
63 TS dt 0.01 time 0.63
    0 SNES Function norm 2.804315946256e-11
    0 SNES Function norm 2.804315946256e-11
    0 SNES Function norm 3.818920215999e-11
64 TS dt 0.01 time 0.64
    0 SNES Function norm 2.804308562749e-11
    0 SNES Function norm 2.804308562749e-11
    0 SNES Function norm 3.818944090182e-11
65 TS dt 0.01 time 0.65
    0 SNES Function norm 2.804315946256e-11
    0 SNES Function norm 2.804315946256e-11
    0 SNES Function norm 3.818920215999e-11
66 TS dt 0.01 time 0.66
    0 SNES Function norm 2.804308562749e-11
    0 SNES Function norm 2.804308562749e-11
    0 SNES Function norm 3.818944090182e-11
67 TS dt 0.01 time 0.67
    0 SNES Function norm 2.804315946256e-11
    0 SNES Function norm 2.804315946256e-11
    0 SNES Function norm 3.818920215999e-11
68 TS dt 0.01 time 0.68
    0 SNES Function norm 2.804308562749e-11
    0 SNES Function norm 2.804308562749e-11
    0 SNES Function norm 3.818944090182e-11
69 TS dt 0.01 time 0.69
    0 SNES Function norm 2.804315946256e-11
    0 SNES Function norm 2.804315946256e-11
    0 SNES Function norm 3.818920215999e-11
70 TS dt 0.01 time 0.7
    0 SNES Function norm 2.804308562749e-11
    0 SNES Function norm 2.804308562749e-11
    0 SNES Function norm 3.818944090182e-11
71 TS dt 0.01 time 0.71
    0 SNES Function norm 2.804315946256e-11
    0 SNES Function norm 2.804315946256e-11
    0 SNES Function norm 3.818920215999e-11
72 TS dt 0.01 time 0.72
    0 SNES Function norm 2.804308562749e-11
    0 SNES Function norm 2.804308562749e-11
    0 SNES Function norm 3.818944090182e-11
73 TS dt 0.01 time 0.73
    0 SNES Function norm 2.804315946256e-11
    0 SNES Function norm 2.804315946256e-11
    0 SNES Function norm 3.818920215999e-11
74 TS dt 0.01 time 0.74
    0 SNES Function norm 2.804308562749e-11
    0 SNES Function norm 2.804308562749e-11
    0 SNES Function norm 3.818944090182e-11
75 TS dt 0.01 time 0.75
    0 SNES Function norm 2.804315946256e-11
    0 SNES Function norm 2.804315946256e-11
    0 SNES Function norm 3.818920215999e-11
76 TS dt 0.01 time 0.76
    0 SNES Function norm 2.804308562749e-11
    0 SNES Function norm 2.804308562749e-11
    0 SNES Function norm 3.818944090182e-11
77 TS dt 0.01 time 0.77
    0 SNES Function norm 2.804315946256e-11
    0 SNES Function norm 2.804315946256e-11
    0 SNES Function norm 3.818920215999e-11
78 TS dt 0.01 time 0.78
    0 SNES Function norm 2.804308562749e-11
    0 SNES Function norm 2.804308562749e-11
    0 SNES Function norm 3.818944090182e-11
79 TS dt 0.01 time 0.79
    0 SNES Function norm 2.804315946256e-11
    0 SNES Function norm 2.804315946256e-11
    0 SNES Function norm 3.818920215999e-11
80 TS dt 0.01 time 0.8
    0 SNES Function norm 2.804308562749e-11
    0 SNES Function norm 2.804308562749e-11
    0 SNES Function norm 3.818944090182e-11
81 TS dt 0.01 time 0.81
    0 SNES Function norm 2.804315946256e-11
    0 SNES Function norm 2.804315946256e-11
    0 SNES Function norm 3.818920215999e-11
82 TS dt 0.01 time 0.82
    0 SNES Function norm 2.804308562749e-11
    0 SNES Function norm 2.804308562749e-11
    0 SNES Function norm 3.818944090182e-11
83 TS dt 0.01 time 0.83
    0 SNES Function norm 2.804315946256e-11
    0 SNES Function norm 2.804315946256e-11
    0 SNES Function norm 3.818920215999e-11
84 TS dt 0.01 time 0.84
    0 SNES Function norm 2.804308562749e-11
    0 SNES Function norm 2.804308562749e-11
    0 SNES Function norm 3.818944090182e-11
85 TS dt 0.01 time 0.85
    0 SNES Function norm 2.804315946256e-11
    0 SNES Function norm 2.804315946256e-11
    0 SNES Function norm 3.818920215999e-11
86 TS dt 0.01 time 0.86
    0 SNES Function norm 2.804308562749e-11
    0 SNES Function norm 2.804308562749e-11
    0 SNES Function norm 3.818944090182e-11
87 TS dt 0.01 time 0.87
    0 SNES Function norm 2.804315946256e-11
    0 SNES Function norm 2.804315946256e-11
    0 SNES Function norm 3.818920215999e-11
88 TS dt 0.01 time 0.88
    0 SNES Function norm 2.804308562749e-11
    0 SNES Function norm 2.804308562749e-11
    0 SNES Function norm 3.818944090182e-11
89 TS dt 0.01 time 0.89
    0 SNES Function norm 2.804315946256e-11
    0 SNES Function norm 2.804315946256e-11
    0 SNES Function norm 3.818920215999e-11
90 TS dt 0.01 time 0.9
    0 SNES Function norm 2.804308562749e-11
    0 SNES Function norm 2.804308562749e-11
    0 SNES Function norm 3.818944090182e-11
91 TS dt 0.01 time 0.91
    0 SNES Function norm 2.804315946256e-11
    0 SNES Function norm 2.804315946256e-11
    0 SNES Function norm 3.818920215999e-11
92 TS dt 0.01 time 0.92
    0 SNES Function norm 2.804308562749e-11
    0 SNES Function norm 2.804308562749e-11
    0 SNES Function norm 3.818944090182e-11
93 TS dt 0.01 time 0.93
    0 SNES Function norm 2.804315946256e-11
    0 SNES Function norm 2.804315946256e-11
    0 SNES Function norm 3.818920215999e-11
94 TS dt 0.01 time 0.94
    0 SNES Function norm 2.804308562749e-11
    0 SNES Function norm 2.804308562749e-11
    0 SNES Function norm 3.818944090182e-11
95 TS dt 0.01 time 0.95
    0 SNES Function norm 2.804315946256e-11
    0 SNES Function norm 2.804315946256e-11
    0 SNES Function norm 3.818920215999e-11
96 TS dt 0.01 time 0.96
    0 SNES Function norm 2.804308562749e-11
    0 SNES Function norm 2.804308562749e-11
    0 SNES Function norm 3.818944090182e-11
97 TS dt 0.01 time 0.97
    0 SNES Function norm 2.804315946256e-11
    0 SNES Function norm 2.804315946256e-11
    0 SNES Function norm 3.818920215999e-11
98 TS dt 0.01 time 0.98
    0 SNES Function norm 2.804308562749e-11
    0 SNES Function norm 2.804308562749e-11
    0 SNES Function norm 3.818944090182e-11
99 TS dt 0.01 time 0.99
    0 SNES Function norm 2.804315946256e-11
    0 SNES Function norm 2.804315946256e-11
    0 SNES Function norm 3.818920215999e-11
  0 SNES Function norm 1.032256483425e+04
  1 SNES Function norm 1.877662484361e-11
100 TS dt 0.01 time 1.
    0 SNES Function norm 1.084138766382e+02
    1 SNES Function norm 7.897910989019e-04
    2 SNES Function norm 5.220249859640e-11
    0 SNES Function norm 5.220249859640e-11
    0 SNES Function norm 2.421823768557e+02
    1 SNES Function norm 7.627673133433e-03
    2 SNES Function norm 1.898438952194e-08
101 TS dt 0.01 time 1.01
    0 SNES Function norm 1.052708684602e+02
    1 SNES Function norm 9.678833299998e-04
    2 SNES Function norm 9.850859338365e-10
    0 SNES Function norm 9.850859338365e-10
    0 SNES Function norm 2.350114821591e+02
    1 SNES Function norm 9.405521755922e-03
    2 SNES Function norm 1.173040167184e-07
102 TS dt 0.01 time 1.02
    0 SNES Function norm 1.019692089796e+02
    1 SNES Function norm 1.192540433641e-03
    2 SNES Function norm 2.691581781133e-09
    0 SNES Function norm 2.691581781133e-09
    0 SNES Function norm 2.275201427419e+02
    1 SNES Function norm 1.155424578392e-02
    2 SNES Function norm 2.604021536790e-07
103 TS dt 0.01 time 1.03
    0 SNES Function norm 9.857301812709e+01
    1 SNES Function norm 1.450776463253e-03
    2 SNES Function norm 4.716881772077e-09
    0 SNES Function norm 4.716881772077e-09
    0 SNES Function norm 2.198503926353e+02
    1 SNES Function norm 1.397955808552e-02
    2 SNES Function norm 4.151180751745e-07
104 TS dt 0.01 time 1.04
    0 SNES Function norm 9.514225029476e+01
    1 SNES Function norm 1.736080722135e-03
    2 SNES Function norm 6.742354260699e-09
    0 SNES Function norm 6.742354260699e-09
    0 SNES Function norm 2.121345888878e+02
    1 SNES Function norm 1.663621884917e-02
    2 SNES Function norm 5.586304901962e-07
105 TS dt 0.01 time 1.05
    0 SNES Function norm 9.173215591189e+01
    1 SNES Function norm 2.045665325794e-03
    2 SNES Function norm 8.553381374883e-09
    0 SNES Function norm 8.553381374883e-09
    0 SNES Function norm 2.044942144647e+02
    1 SNES Function norm 1.950695092748e-02
    2 SNES Function norm 6.763468702770e-07
106 TS dt 0.01 time 1.06
    0 SNES Function norm 8.839275941170e+01
    1 SNES Function norm 2.378978629125e-03
    2 SNES Function norm 1.001797065217e-08
    0 SNES Function norm 1.001797065217e-08
    1 SNES Function norm 1.425105643857e-11
    0 SNES Function norm 1.970387064932e+02
    1 SNES Function norm 2.259236186323e-02
    2 SNES Function norm 7.601851049601e-07
107 TS dt 0.01 time 1.07
    0 SNES Function norm 8.516833792184e+01
    1 SNES Function norm 2.737126442216e-03
    2 SNES Function norm 1.106875111249e-08
    0 SNES Function norm 1.106875111249e-08
    1 SNES Function norm 1.921537525562e-11
    0 SNES Function norm 1.898642823803e+02
    1 SNES Function norm 2.590775336746e-02
    2 SNES Function norm 8.072024784164e-07
108 TS dt 0.01 time 1.08
    0 SNES Function norm 8.209689988935e+01
    1 SNES Function norm 3.122823639905e-03
    2 SNES Function norm 1.168846885152e-08
    0 SNES Function norm 1.168846885152e-08
    1 SNES Function norm 1.956266629580e-11
    0 SNES Function norm 1.830527713749e+02
    1 SNES Function norm 2.948398987755e-02
    2 SNES Function norm 8.185374390807e-07
108 TS dt 0.00952452 time 1.08 (r)
    0 SNES Function norm 8.209689988935e+01
    1 SNES Function norm 2.828440853252e-03
    2 SNES Function norm 9.642028281326e-09
    0 SNES Function norm 9.642028281326e-09
    0 SNES Function norm 1.831312916712e+02
    1 SNES Function norm 2.664538138347e-02
    2 SNES Function norm 6.810792090720e-07
108 TS dt 0.0095021 time 1.08 (r)
    0 SNES Function norm 8.209689988935e+01
    1 SNES Function norm 2.814927707998e-03
    2 SNES Function norm 9.552915188655e-09
    0 SNES Function norm 9.552915188655e-09
    0 SNES Function norm 1.831349966261e+02
    1 SNES Function norm 2.651530088381e-02
    2 SNES Function norm 6.750341180919e-07
VR[2]: hit upper limit at time 1.0895
109 TS dt 0.000497902 time 1.0895
    0 SNES Function norm 6.675161029241e+01
    1 SNES Function norm 5.073040362139e-06
    2 SNES Function norm 3.616415589834e-10
    0 SNES Function norm 3.616415589834e-10
    0 SNES Function norm 1.501657149802e+02
    1 SNES Function norm 4.576533018515e-05
    2 SNES Function norm 8.683690814976e-11
110 TS dt 0.01 time 1.09
    0 SNES Function norm 6.670649064748e+01
    1 SNES Function norm 2.117091291431e-03
    2 SNES Function norm 4.522543740200e-09
    0 SNES Function norm 4.522543740200e-09
    0 SNES Function norm 1.495835384831e+02
    1 SNES Function norm 1.995060160314e-02
    2 SNES Function norm 3.585258862595e-07
111 TS dt 0.01 time 1.1
    0 SNES Function norm 6.582797426700e+01
    1 SNES Function norm 2.386327241292e-03
    2 SNES Function norm 5.015333884758e-09
    0 SNES Function norm 5.015333884758e-09
    0 SNES Function norm 1.476374595463e+02
    1 SNES Function norm 2.242823633582e-02
    2 SNES Function norm 3.917153090598e-07
112 TS dt 0.01 time 1.11
    0 SNES Function norm 6.500474849745e+01
    1 SNES Function norm 2.669586192929e-03
    2 SNES Function norm 5.484141591531e-09
    0 SNES Function norm 5.484141591531e-09
    0 SNES Function norm 1.458178459350e+02
    1 SNES Function norm 2.503069538684e-02
    2 SNES Function norm 4.222464508880e-07
113 TS dt 0.01 time 1.12
    0 SNES Function norm 6.423996821906e+01
    1 SNES Function norm 2.966256439764e-03
    2 SNES Function norm 5.936731041909e-09
    0 SNES Function norm 5.936731041909e-09
    0 SNES Function norm 1.441308797440e+02
    1 SNES Function norm 2.775145134750e-02
    2 SNES Function norm 4.509888390172e-07
114 TS dt 0.01 time 1.13
    0 SNES Function norm 6.353523613690e+01
    1 SNES Function norm 3.275452571179e-03
    2 SNES Function norm 6.392221280481e-09
    0 SNES Function norm 6.392221280481e-09
    0 SNES Function norm 1.425793976094e+02
    1 SNES Function norm 3.058150931684e-02
    2 SNES Function norm 4.790205931536e-07
115 TS dt 0.01 time 1.14
    0 SNES Function norm 6.289087420927e+01
    1 SNES Function norm 3.596044804660e-03
    2 SNES Function norm 6.861940462148e-09
    0 SNES Function norm 6.861940462148e-09
    0 SNES Function norm 1.411635144321e+02
    1 SNES Function norm 3.350994294479e-02
    2 SNES Function norm 5.075716901031e-07
116 TS dt 0.01 time 1.15
    0 SNES Function norm 6.230621310550e+01
    1 SNES Function norm 3.926770540586e-03
    2 SNES Function norm 7.366052165548e-09
    0 SNES Function norm 7.366052165548e-09
    0 SNES Function norm 1.398812788018e+02
    1 SNES Function norm 3.652521396536e-02
    2 SNES Function norm 5.379997856854e-07
117 TS dt 0.01 time 1.16
    0 SNES Function norm 6.177988356120e+01
    1 SNES Function norm 4.266433384017e-03
    2 SNES Function norm 7.927091333460e-09
    0 SNES Function norm 7.927091333460e-09
    0 SNES Function norm 1.387293235612e+02
    1 SNES Function norm 3.961726507606e-02
    2 SNES Function norm 5.717825836133e-07
118 TS dt 0.01 time 1.17
    0 SNES Function norm 6.131009348458e+01
    1 SNES Function norm 4.614174827223e-03
    2 SNES Function norm 8.567765628726e-09
    0 SNES Function norm 8.567765628726e-09
    0 SNES Function norm 1.377034757052e+02
    1 SNES Function norm 4.278016442192e-02
    2 SNES Function norm 6.105285528543e-07
119 TS dt 0.01 time 1.18
    0 SNES Function norm 6.089487616743e+01
    1 SNES Function norm 4.969776838467e-03
    2 SNES Function norm 9.314641732271e-09
    0 SNES Function norm 9.314641732271e-09
    0 SNES Function norm 1.367992941175e+02
    1 SNES Function norm 4.601482621327e-02
    2 SNES Function norm 6.560159603476e-07
120 TS dt 0.01 time 1.19
    0 SNES Function norm 6.053229813702e+01
    1 SNES Function norm 5.333928239954e-03
    2 SNES Function norm 1.019643880705e-08
    0 SNES Function norm 1.019643880705e-08
    1 SNES Function norm 1.023370978480e-11
    0 SNES Function norm 1.360125117384e+02
    1 SNES Function norm 4.933113880985e-02
    2 SNES Function norm 7.102408268543e-07
  0 SNES Function norm 6.142749944795e+00
  1 SNES Function norm 7.930734388618e-15
VR[2]: dVR_dt went negative on fault clearing at time 1.2
121 TS dt 0.01 time 1.2
    0 SNES Function norm 6.097146257611e+01
    1 SNES Function norm 1.624455378002e-02
    2 SNES Function norm 7.253859815826e-08
    0 SNES Function norm 7.253859815826e-08
    1 SNES Function norm 2.739447105776e-11
    0 SNES Function norm 1.376493511936e+02
    1 SNES Function norm 1.417288161467e-01
    2 SNES Function norm 6.297792540085e-06
    3 SNES Function norm 6.728853366925e-12
122 TS dt 0.01 time 1.21
    0 SNES Function norm 6.173175564123e+01
    1 SNES Function norm 1.470821007742e-02
    2 SNES Function norm 7.410357716602e-08
    0 SNES Function norm 7.410357716602e-08
    1 SNES Function norm 2.476355084507e-11
    0 SNES Function norm 1.392162177535e+02
    1 SNES Function norm 1.286380577900e-01
    2 SNES Function norm 5.988194589298e-06
    3 SNES Function norm 1.393780166470e-11
123 TS dt 0.01 time 1.22
    0 SNES Function norm 6.223919697808e+01
    1 SNES Function norm 1.343220416438e-02
    2 SNES Function norm 6.463424500483e-08
    0 SNES Function norm 6.463424500483e-08
    1 SNES Function norm 3.553802973205e-11
    0 SNES Function norm 1.402248211135e+02
    1 SNES Function norm 1.178565447611e-01
    2 SNES Function norm 4.994876416044e-06
    3 SNES Function norm 4.131044685252e-12
124 TS dt 0.01 time 1.23
    0 SNES Function norm 6.251616309672e+01
    1 SNES Function norm 1.239755705397e-02
    2 SNES Function norm 5.067163528794e-08
    0 SNES Function norm 5.067163528794e-08
    1 SNES Function norm 2.955872972139e-11
    0 SNES Function norm 1.407304809617e+02
    1 SNES Function norm 1.091482386680e-01
    2 SNES Function norm 3.786989496991e-06
    3 SNES Function norm 1.564934018250e-11
125 TS dt 0.01 time 1.24
    0 SNES Function norm 6.259288228041e+01
    1 SNES Function norm 1.156703396163e-02
    2 SNES Function norm 3.657453486999e-08
    0 SNES Function norm 3.657453486999e-08
    1 SNES Function norm 1.845433051833e-11
    0 SNES Function norm 1.408045384613e+02
    1 SNES Function norm 1.021501027617e-01
    2 SNES Function norm 2.655586615582e-06
    3 SNES Function norm 3.548658701853e-12
126 TS dt 0.01 time 1.25
    0 SNES Function norm 6.250443071058e+01
    1 SNES Function norm 1.089761105977e-02
    2 SNES Function norm 2.462303347621e-08
    0 SNES Function norm 2.462303347621e-08
    1 SNES Function norm 1.767920724033e-11
    0 SNES Function norm 1.405275076266e+02
    1 SNES Function norm 9.647828869424e-02
    2 SNES Function norm 1.745160438891e-06
    3 SNES Function norm 1.328162312750e-11
127 TS dt 0.01 time 1.26
    0 SNES Function norm 6.228767393739e+01
    1 SNES Function norm 1.034967520219e-02
    2 SNES Function norm 1.573932063663e-08
    0 SNES Function norm 1.573932063663e-08
    1 SNES Function norm 1.179897925362e-11
    0 SNES Function norm 1.399822693998e+02
    1 SNES Function norm 9.179838011027e-02
    2 SNES Function norm 1.094986813771e-06
128 TS dt 0.01 time 1.27
    0 SNES Function norm 6.197842545968e+01
    1 SNES Function norm 9.891716761856e-03
    2 SNES Function norm 9.807950618545e-09
    0 SNES Function norm 9.807950618545e-09
    0 SNES Function norm 1.392478788357e+02
    1 SNES Function norm 8.785507931803e-02
    2 SNES Function norm 6.760700210057e-07
129 TS dt 0.01 time 1.28
    0 SNES Function norm 6.160901547050e+01
    1 SNES Function norm 9.501243772892e-03
    2 SNES Function norm 6.205289420858e-09
    0 SNES Function norm 6.205289420858e-09
    0 SNES Function norm 1.383943715790e+02
    1 SNES Function norm 8.447204376995e-02
    2 SNES Function norm 4.297065877408e-07
130 TS dt 0.01 time 1.29
    0 SNES Function norm 6.120637650220e+01
    1 SNES Function norm 9.163526289818e-03
    2 SNES Function norm 4.231265729491e-09
    0 SNES Function norm 4.231265729491e-09
    0 SNES Function norm 1.374787622287e+02
    1 SNES Function norm 8.153691338511e-02
    2 SNES Function norm 3.416561724646e-07
131 TS dt 0.01 time 1.3
    0 SNES Function norm 6.079067176844e+01
    1 SNES Function norm 8.869618516950e-03
    2 SNES Function norm 4.335967752440e-09
    0 SNES Function norm 4.335967752440e-09
    0 SNES Function norm 1.365422532727e+02
    1 SNES Function norm 7.898308394705e-02
    2 SNES Function norm 4.524509357339e-07
132 TS dt 0.01 time 1.31
    0 SNES Function norm 6.037442804143e+01
    1 SNES Function norm 8.614516433406e-03
    2 SNES Function norm 6.689889975905e-09
    0 SNES Function norm 6.689889975905e-09
    0 SNES Function norm 1.356085404230e+02
    1 SNES Function norm 7.677427791537e-02
    2 SNES Function norm 6.935554885971e-07
133 TS dt 0.01 time 1.32
    0 SNES Function norm 5.996209345629e+01
    1 SNES Function norm 8.395781063981e-03
    2 SNES Function norm 1.012355378193e-08
    0 SNES Function norm 1.012355378193e-08
    1 SNES Function norm 2.603265560267e-11
    0 SNES Function norm 1.346830219028e+02
    1 SNES Function norm 7.489368685094e-02
    2 SNES Function norm 9.839283635196e-07
134 TS dt 0.01 time 1.33
    0 SNES Function norm 5.954992609730e+01
    1 SNES Function norm 8.212625775427e-03
    2 SNES Function norm 1.383798544796e-08
    0 SNES Function norm 1.383798544796e-08
    1 SNES Function norm 3.413933087059e-11
    0 SNES Function norm 1.337527016280e+02
    1 SNES Function norm 7.333702221330e-02
    2 SNES Function norm 1.277474781013e-06
135 TS dt 0.01 time 1.34
    0 SNES Function norm 5.912613167594e+01
    1 SNES Function norm 8.065306903070e-03
    2 SNES Function norm 1.735241925533e-08
    0 SNES Function norm 1.735241925533e-08
    1 SNES Function norm 4.855485329418e-12
    0 SNES Function norm 1.327866188736e+02
    1 SNES Function norm 7.210773951641e-02
    2 SNES Function norm 1.542869157319e-06
    3 SNES Function norm 9.229134436539e-12
136 TS dt 0.01 time 1.35
    0 SNES Function norm 5.867120602116e+01
    1 SNES Function norm 7.954605791863e-03
    2 SNES Function norm 2.035156402933e-08
    0 SNES Function norm 2.035156402933e-08
    1 SNES Function norm 2.768615439155e-11
    0 SNES Function norm 1.317367338187e+02
    1 SNES Function norm 7.121246767038e-02
    2 SNES Function norm 1.762349377769e-06
    3 SNES Function norm 2.271580602398e-11
137 TS dt 0.01 time 1.36
    0 SNES Function norm 5.815849636649e+01
    1 SNES Function norm 7.881208115816e-03
    2 SNES Function norm 2.273442721546e-08
    0 SNES Function norm 2.273442721546e-08
    1 SNES Function norm 1.446631392099e-11
    0 SNES Function norm 1.305393390485e+02
    1 SNES Function norm 7.065501383532e-02
    2 SNES Function norm 1.939308768041e-06
    3 SNES Function norm 1.235089955555e-11
138 TS dt 0.01 time 1.37
    0 SNES Function norm 5.755506859320e+01
    1 SNES Function norm 7.844861038919e-03
    2 SNES Function norm 2.478741645953e-08
    0 SNES Function norm 2.478741645953e-08
    1 SNES Function norm 3.939397457475e-11
    0 SNES Function norm 1.291172381500e+02
    1 SNES Function norm 7.042816758317e-02
    2 SNES Function norm 2.108504778256e-06
    3 SNES Function norm 1.075223937184e-12
139 TS dt 0.01 time 1.38
    0 SNES Function norm 5.682304966878e+01
    1 SNES Function norm 7.843319495318e-03
    2 SNES Function norm 2.722558278341e-08
    0 SNES Function norm 2.722558278341e-08
    1 SNES Function norm 2.099404902271e-11
    0 SNES Function norm 1.273831186319e+02
    1 SNES Function norm 7.050386333036e-02
    2 SNES Function norm 2.336657914125e-06
    3 SNES Function norm 1.778751700907e-11
140 TS dt 0.01 time 1.39
    0 SNES Function norm 5.592169684356e+01
    1 SNES Function norm 7.871264244676e-03
    2 SNES Function norm 3.099125937867e-08
    0 SNES Function norm 3.099125937867e-08
    1 SNES Function norm 1.264021000770e-11
    0 SNES Function norm 1.252447291799e+02
    1 SNES Function norm 7.082386628474e-02
    2 SNES Function norm 2.690963705661e-06
    3 SNES Function norm 2.046598750113e-11
141 TS dt 0.01 time 1.4
    0 SNES Function norm 5.481051968853e+01
    1 SNES Function norm 7.919542572640e-03
    2 SNES Function norm 3.652352041709e-08
    0 SNES Function norm 3.652352041709e-08
    1 SNES Function norm 1.095298266573e-11
    0 SNES Function norm 1.226126300200e+02
    1 SNES Function norm 7.129453613837e-02
    2 SNES Function norm 3.179677267330e-06
    3 SNES Function norm 7.868405271906e-12
142 TS dt 0.01 time 1.41
    0 SNES Function norm 5.345383668891e+01
    1 SNES Function norm 7.975179235433e-03
    2 SNES Function norm 4.323090964071e-08
    0 SNES Function norm 4.323090964071e-08
    1 SNES Function norm 3.491359114446e-11
    0 SNES Function norm 1.194113950313e+02
    1 SNES Function norm 7.178976332593e-02
    2 SNES Function norm 3.720328532705e-06
    3 SNES Function norm 9.312240916313e-12
143 TS dt 0.01 time 1.42
    0 SNES Function norm 5.182717200105e+01
    1 SNES Function norm 8.022566417287e-03
    2 SNES Function norm 4.949267740632e-08
    0 SNES Function norm 4.949267740632e-08
    1 SNES Function norm 3.063851730145e-11
    0 SNES Function norm 1.155951733148e+02
    1 SNES Function norm 7.216537261911e-02
    2 SNES Function norm 4.167037563204e-06
    3 SNES Function norm 2.127736108055e-11
144 TS dt 0.01 time 1.43
    0 SNES Function norm 4.992586886639e+01
    1 SNES Function norm 8.046035781037e-03
    2 SNES Function norm 5.336593632039e-08
    0 SNES Function norm 5.336593632039e-08
    1 SNES Function norm 1.371554896116e-11
    0 SNES Function norm 1.111684085099e+02
    1 SNES Function norm 7.228596181753e-02
    2 SNES Function norm 4.387405974045e-06
    3 SNES Function norm 1.186664736878e-11
145 TS dt 0.01 time 1.44
    0 SNES Function norm 4.777616156881e+01
    1 SNES Function norm 8.033638219976e-03
    2 SNES Function norm 5.403441032204e-08
    0 SNES Function norm 5.403441032204e-08
    1 SNES Function norm 2.370343958560e-11
    0 SNES Function norm 1.062121121432e+02
    1 SNES Function norm 7.206130425808e-02
    2 SNES Function norm 4.418842619880e-06
    3 SNES Function norm 1.467007827118e-11
146 TS dt 0.01 time 1.45
    0 SNES Function norm 4.544855221498e+01
    1 SNES Function norm 7.981418412959e-03
    2 SNES Function norm 5.461719652038e-08
    0 SNES Function norm 5.461719652038e-08
    1 SNES Function norm 1.851994536969e-11
    0 SNES Function norm 1.009149367496e+02
    1 SNES Function norm 7.148422907566e-02
    2 SNES Function norm 4.731354261942e-06
    3 SNES Function norm 1.318011713055e-11
147 TS dt 0.01 time 1.46
    0 SNES Function norm 4.307225520667e+01
    1 SNES Function norm 7.896826492950e-03
    2 SNES Function norm 6.449979003176e-08
    0 SNES Function norm 6.449979003176e-08
    1 SNES Function norm 1.649624278180e-11
    0 SNES Function norm 9.560519700548e+01
    1 SNES Function norm 7.065604111354e-02
    2 SNES Function norm 6.127242155227e-06
    3 SNES Function norm 5.890719364486e-12
148 TS dt 0.01 time 1.47
    0 SNES Function norm 4.084676961641e+01
    1 SNES Function norm 7.799369816420e-03
    2 SNES Function norm 9.079550385572e-08
    0 SNES Function norm 9.079550385572e-08
    1 SNES Function norm 1.985072304783e-11
    0 SNES Function norm 9.077255289152e+01
    1 SNES Function norm 6.978166494109e-02
    2 SNES Function norm 8.794351277644e-06
    3 SNES Function norm 2.101739953826e-11
149 TS dt 0.01 time 1.48
    0 SNES Function norm 3.904116239709e+01
    1 SNES Function norm 7.716710823003e-03
    2 SNES Function norm 1.295912956321e-07
    0 SNES Function norm 1.295912956321e-07
    1 SNES Function norm 9.730323164789e-12
    0 SNES Function norm 8.705420246936e+01
    1 SNES Function norm 6.912064518039e-02
    2 SNES Function norm 1.220660961239e-05
    3 SNES Function norm 1.585642851908e-11
150 TS dt 0.01 time 1.49
    0 SNES Function norm 3.796486577092e+01
    1 SNES Function norm 7.675965513878e-03
    2 SNES Function norm 1.725311619208e-07
    0 SNES Function norm 1.725311619208e-07
    1 SNES Function norm 2.432147071268e-11
    0 SNES Function norm 8.514716676511e+01
    1 SNES Function norm 6.889892667334e-02
    2 SNES Function norm 1.569188221587e-05
    3 SNES Function norm 8.686653063347e-12
151 TS dt 0.01 time 1.5
    0 SNES Function norm 3.789663612689e+01
    1 SNES Function norm 7.693120958549e-03
    2 SNES Function norm 2.116701354423e-07
    0 SNES Function norm 2.116701354423e-07
    1 SNES Function norm 2.647615531932e-11
    0 SNES Function norm 8.562688070500e+01
    1 SNES Function norm 6.921703851849e-02
    2 SNES Function norm 1.863354596005e-05
    3 SNES Function norm 1.271905758419e-11
152 TS dt 0.01 time 1.51
    0 SNES Function norm 3.898837785938e+01
    1 SNES Function norm 7.766219592253e-03
    2 SNES Function norm 2.403742514546e-07
    0 SNES Function norm 2.403742514546e-07
    1 SNES Function norm 2.286411775089e-11
    0 SNES Function norm 8.873540637721e+01
    1 SNES Function norm 7.000761586491e-02
    2 SNES Function norm 2.055579137702e-05
    3 SNES Function norm 4.474692415857e-12
153 TS dt 0.01 time 1.52
    0 SNES Function norm 4.120280822746e+01
    1 SNES Function norm 7.876705141835e-03
    2 SNES Function norm 2.543182585613e-07
    0 SNES Function norm 2.543182585613e-07
    1 SNES Function norm 2.332960203381e-11
    0 SNES Function norm 9.428232886513e+01
    1 SNES Function norm 7.107031219332e-02
    2 SNES Function norm 2.119521489629e-05
    3 SNES Function norm 5.516583117845e-12
154 TS dt 0.01 time 1.53
    0 SNES Function norm 4.433293900613e+01
    1 SNES Function norm 7.997924718494e-03
    2 SNES Function norm 2.521882755815e-07
    0 SNES Function norm 2.521882755815e-07
    1 SNES Function norm 2.166339899607e-11
    0 SNES Function norm 1.017325496940e+02
    1 SNES Function norm 7.215954538492e-02
    2 SNES Function norm 2.053004831100e-05
    3 SNES Function norm 1.418654983362e-11
155 TS dt 0.01 time 1.54
    0 SNES Function norm 4.808038557951e+01
    1 SNES Function norm 8.105298769946e-03
    2 SNES Function norm 2.354353052856e-07
    0 SNES Function norm 2.354353052856e-07
    1 SNES Function norm 2.597319688618e-11
    0 SNES Function norm 1.103934556164e+02
    1 SNES Function norm 7.307123718619e-02
    2 SNES Function norm 1.875336502839e-05
    3 SNES Function norm 1.595636981776e-11
156 TS dt 0.01 time 1.55
    0 SNES Function norm 5.213253978803e+01
    1 SNES Function norm 8.182990506554e-03
    2 SNES Function norm 2.075981673596e-07
    0 SNES Function norm 2.075981673596e-07
    1 SNES Function norm 2.407825317633e-11
    0 SNES Function norm 1.195728412288e+02
    1 SNES Function norm 7.368943121524e-02
    2 SNES Function norm 1.620278597410e-05
    3 SNES Function norm 8.131455193534e-12
157 TS dt 0.01 time 1.56
    0 SNES Function norm 5.620714881692e+01
    1 SNES Function norm 8.225316911265e-03
    2 SNES Function norm 1.733341628940e-07
    0 SNES Function norm 1.733341628940e-07
    1 SNES Function norm 1.355764106888e-11
    0 SNES Function norm 1.286603061730e+02
    1 SNES Function norm 7.398635526057e-02
    2 SNES Function norm 1.327330314655e-05
    3 SNES Function norm 6.686361278570e-12
158 TS dt 0.01 time 1.57
    0 SNES Function norm 6.006782852224e+01
    1 SNES Function norm 8.234141425227e-03
    2 SNES Function norm 1.374912594469e-07
    0 SNES Function norm 1.374912594469e-07
    1 SNES Function norm 2.631507109067e-11
    0 SNES Function norm 1.371507343588e+02
    1 SNES Function norm 7.399210694546e-02
    2 SNES Function norm 1.033739779037e-05
    3 SNES Function norm 1.859961107972e-11
159 TS dt 0.01 time 1.58
    0 SNES Function norm 6.352410800099e+01
    1 SNES Function norm 8.214671983902e-03
    2 SNES Function norm 1.038983539804e-07
    0 SNES Function norm 1.038983539804e-07
    1 SNES Function norm 8.158800160922e-12
    0 SNES Function norm 1.446396920962e+02
    1 SNES Function norm 7.375626400381e-02
    2 SNES Function norm 7.689037702407e-06
    3 SNES Function norm 1.924445711521e-11
160 TS dt 0.01 time 1.59
    0 SNES Function norm 6.642581356501e+01
    1 SNES Function norm 8.171822093992e-03
    2 SNES Function norm 7.542883384434e-08
    0 SNES Function norm 7.542883384434e-08
    1 SNES Function norm 3.342803162114e-11
    0 SNES Function norm 1.508096625243e+02
    1 SNES Function norm 7.331876786770e-02
    2 SNES Function norm 5.516051805946e-06
    3 SNES Function norm 1.397666392555e-11
161 TS dt 0.01 time 1.6
    0 SNES Function norm 6.865658335413e+01
    1 SNES Function norm 8.108325293548e-03
    2 SNES Function norm 5.346109230572e-08
    0 SNES Function norm 5.346109230572e-08
    1 SNES Function norm 8.078114176530e-12
    0 SNES Function norm 1.554158175911e+02
    1 SNES Function norm 7.269799439311e-02
    2 SNES Function norm 3.898008525545e-06
    3 SNES Function norm 1.235327691988e-11
162 TS dt 0.01 time 1.61
    0 SNES Function norm 7.012842777095e+01
    1 SNES Function norm 8.024754254352e-03
    2 SNES Function norm 3.822755237700e-08
    0 SNES Function norm 3.822755237700e-08
    1 SNES Function norm 1.821025251135e-11
    0 SNES Function norm 1.582746764253e+02
    1 SNES Function norm 7.189517016233e-02
    2 SNES Function norm 2.821981136393e-06
    3 SNES Function norm 8.588648640724e-12
163 TS dt 0.01 time 1.62
    0 SNES Function norm 7.077798989177e+01
    1 SNES Function norm 7.920912606860e-03
    2 SNES Function norm 2.897775913740e-08
    0 SNES Function norm 2.897775913740e-08
    1 SNES Function norm 1.394873720321e-11
    0 SNES Function norm 1.592567335203e+02
    1 SNES Function norm 7.090939523261e-02
    2 SNES Function norm 2.212220331376e-06
    3 SNES Function norm 3.023655907862e-12
164 TS dt 0.01 time 1.63
    0 SNES Function norm 7.056465067691e+01
    1 SNES Function norm 7.797878623582e-03
    2 SNES Function norm 2.459901869240e-08
    0 SNES Function norm 2.459901869240e-08
    1 SNES Function norm 2.853982767546e-11
    0 SNES Function norm 1.582832205937e+02
    1 SNES Function norm 6.975690113054e-02
    2 SNES Function norm 1.984323348979e-06
    3 SNES Function norm 1.762531134889e-11
165 TS dt 0.01 time 1.64
    0 SNES Function norm 6.947040262907e+01
    1 SNES Function norm 7.660126055081e-03
    2 SNES Function norm 2.449710417254e-08
    0 SNES Function norm 2.449710417254e-08
    1 SNES Function norm 1.615900561855e-11
    0 SNES Function norm 1.553267551309e+02
    1 SNES Function norm 6.848990385923e-02
    2 SNES Function norm 2.110387189925e-06
    3 SNES Function norm 2.293195785990e-11
166 TS dt 0.01 time 1.65
    0 SNES Function norm 6.750131625734e+01
    1 SNES Function norm 7.517359388280e-03
    2 SNES Function norm 2.881494338672e-08
    0 SNES Function norm 2.881494338672e-08
    1 SNES Function norm 1.800073042796e-11
    0 SNES Function norm 1.504154588903e+02
    1 SNES Function norm 6.721211085897e-02
    2 SNES Function norm 2.613209732849e-06
    3 SNES Function norm 1.260383527912e-11
167 TS dt 0.01 time 1.66
    0 SNES Function norm 6.469042363599e+01
    1 SNES Function norm 7.385774120136e-03
    2 SNES Function norm 3.788880821369e-08
    0 SNES Function norm 3.788880821369e-08
    1 SNES Function norm 3.107095674263e-11
    0 SNES Function norm 1.436401962672e+02
    1 SNES Function norm 6.608802788011e-02
    2 SNES Function norm 3.509839623403e-06
    3 SNES Function norm 2.075210305587e-11
168 TS dt 0.01 time 1.67
    0 SNES Function norm 6.110198208671e+01
    1 SNES Function norm 7.288284489657e-03
    2 SNES Function norm 5.181698231852e-08
    0 SNES Function norm 5.181698231852e-08
    1 SNES Function norm 3.206562178079e-11
    0 SNES Function norm 1.351649950667e+02
    1 SNES Function norm 6.534095934031e-02
    2 SNES Function norm 4.809554051632e-06
    3 SNES Function norm 2.435449287716e-11
169 TS dt 0.01 time 1.68
    0 SNES Function norm 5.683742780014e+01
    1 SNES Function norm 7.252858079780e-03
    2 SNES Function norm 7.078524657924e-08
    0 SNES Function norm 7.078524657924e-08
    1 SNES Function norm 3.375358940756e-11
    0 SNES Function norm 1.252416369903e+02
    1 SNES Function norm 6.523070213998e-02
    2 SNES Function norm 6.520026031872e-06
    3 SNES Function norm 1.342871571932e-11
170 TS dt 0.01 time 1.69
    0 SNES Function norm 5.204396226843e+01
    1 SNES Function norm 7.307820786873e-03
    2 SNES Function norm 9.458549829732e-08
    0 SNES Function norm 9.458549829732e-08
    1 SNES Function norm 1.343241363191e-11
    0 SNES Function norm 1.142310054252e+02
    1 SNES Function norm 6.600134676938e-02
    2 SNES Function norm 8.602726842989e-06
    3 SNES Function norm 1.394250127000e-11
171 TS dt 0.01 time 1.7
    0 SNES Function norm 4.692763322472e+01
    1 SNES Function norm 7.473811343382e-03
    2 SNES Function norm 1.219569172766e-07
    0 SNES Function norm 1.219569172766e-07
    1 SNES Function norm 7.883614989975e-12
    0 SNES Function norm 1.026359116289e+02
    1 SNES Function norm 6.780188227833e-02
    2 SNES Function norm 1.090577068127e-05
    3 SNES Function norm 1.281634794892e-11
172 TS dt 0.01 time 1.71
    0 SNES Function norm 4.177344767491e+01
    1 SNES Function norm 7.754644298881e-03
    2 SNES Function norm 1.499158070266e-07
    0 SNES Function norm 1.499158070266e-07
    1 SNES Function norm 2.611134986711e-11
    0 SNES Function norm 9.115087541074e+01
    1 SNES Function norm 7.060874399971e-02
    2 SNES Function norm 1.313844636469e-05
    3 SNES Function norm 1.842547814479e-11
173 TS dt 0.01 time 1.72
    0 SNES Function norm 3.697265122965e+01
    1 SNES Function norm 8.131941637038e-03
    2 SNES Function norm 1.741698360384e-07
    0 SNES Function norm 1.741698360384e-07
    1 SNES Function norm 2.575293708010e-11
    0 SNES Function norm 8.072467657672e+01
    1 SNES Function norm 7.419629515417e-02
    2 SNES Function norm 1.492346700268e-05
    3 SNES Function norm 1.782125899713e-11
174 TS dt 0.01 time 1.73
    0 SNES Function norm 3.304208892191e+01
    1 SNES Function norm 8.567488870346e-03
    2 SNES Function norm 1.900464469506e-07
    0 SNES Function norm 1.900464469506e-07
    1 SNES Function norm 8.247447929848e-12
    0 SNES Function norm 7.258403180345e+01
    1 SNES Function norm 7.818049696219e-02
    2 SNES Function norm 1.590930958444e-05
    3 SNES Function norm 1.050435338366e-11
175 TS dt 0.01 time 1.74
    0 SNES Function norm 3.057693531497e+01
    1 SNES Function norm 9.012698964053e-03
    2 SNES Function norm 1.942773432140e-07
    0 SNES Function norm 1.942773432140e-07
    1 SNES Function norm 1.720470661367e-11
    0 SNES Function norm 6.805496821371e+01
    1 SNES Function norm 8.211675744274e-02
    2 SNES Function norm 1.588805865622e-05
    3 SNES Function norm 1.338204233107e-11
176 TS dt 0.01 time 1.75
    0 SNES Function norm 3.004515062262e+01
    1 SNES Function norm 9.420707731981e-03
    2 SNES Function norm 1.858752840492e-07
    0 SNES Function norm 1.858752840492e-07
    1 SNES Function norm 1.347906250173e-11
    0 SNES Function norm 6.800765040863e+01
    1 SNES Function norm 8.560727932026e-02
    2 SNES Function norm 1.486216237424e-05
    3 SNES Function norm 1.864841979484e-11
177 TS dt 0.01 time 1.76
    0 SNES Function norm 3.149392864767e+01
    1 SNES Function norm 9.756368865988e-03
    2 SNES Function norm 1.665593592793e-07
    0 SNES Function norm 1.665593592793e-07
    1 SNES Function norm 2.909432767363e-11
    0 SNES Function norm 7.226017402919e+01
    1 SNES Function norm 8.837972807138e-02
    2 SNES Function norm 1.303352139321e-05
    3 SNES Function norm 8.252222188303e-12
178 TS dt 0.01 time 1.77
    0 SNES Function norm 3.450537893859e+01
    1 SNES Function norm 1.000149496565e-02
    2 SNES Function norm 1.399230991805e-07
    0 SNES Function norm 1.399230991805e-07
    1 SNES Function norm 1.368583892186e-11
    0 SNES Function norm 7.969685658949e+01
    1 SNES Function norm 9.031996475578e-02
    2 SNES Function norm 1.072855249527e-05
    3 SNES Function norm 1.618827985871e-11
179 TS dt 0.01 time 1.78
    0 SNES Function norm 3.847326768588e+01
    1 SNES Function norm 1.015498106576e-02
    2 SNES Function norm 1.102941312338e-07
    0 SNES Function norm 1.102941312338e-07
    1 SNES Function norm 2.211636407133e-11
    0 SNES Function norm 8.895524295839e+01
    1 SNES Function norm 9.146072167965e-02
    2 SNES Function norm 8.298740993868e-06
    3 SNES Function norm 1.617619397994e-11
180 TS dt 0.01 time 1.79
    0 SNES Function norm 4.285959428653e+01
    1 SNES Function norm 1.022906519726e-02
    2 SNES Function norm 8.165649213579e-08
    0 SNES Function norm 8.165649213579e-08
    1 SNES Function norm 1.231048452224e-11
    0 SNES Function norm 9.890409867417e+01
    1 SNES Function norm 9.194051247839e-02
    2 SNES Function norm 6.038348753329e-06
    3 SNES Function norm 6.770806864011e-12
181 TS dt 0.01 time 1.8
    0 SNES Function norm 4.727248080996e+01
    1 SNES Function norm 1.024378159474e-02
    2 SNES Function norm 5.674489256787e-08
    0 SNES Function norm 5.674489256787e-08
    1 SNES Function norm 1.648325241748e-11
    0 SNES Function norm 1.087410497709e+02
    1 SNES Function norm 9.195208640609e-02
    2 SNES Function norm 4.140921372607e-06
    3 SNES Function norm 6.720930954206e-12
182 TS dt 0.01 time 1.81
    0 SNES Function norm 5.144741785278e+01
    1 SNES Function norm 1.022164017872e-02
    2 SNES Function norm 3.713288991356e-08
    0 SNES Function norm 3.713288991356e-08
    1 SNES Function norm 1.036614701155e-11
    0 SNES Function norm 1.179295127380e+02
    1 SNES Function norm 9.169750913785e-02
    2 SNES Function norm 2.694956439147e-06
    3 SNES Function norm 1.491241202812e-11
183 TS dt 0.01 time 1.82
    0 SNES Function norm 5.521058729157e+01
    1 SNES Function norm 1.018386181271e-02
    2 SNES Function norm 2.312914690742e-08
    0 SNES Function norm 2.312914690742e-08
    1 SNES Function norm 1.603375947248e-11
    0 SNES Function norm 1.261181417499e+02
    1 SNES Function norm 9.135933909043e-02
    2 SNES Function norm 1.704927778428e-06
    3 SNES Function norm 7.509867667748e-12
184 TS dt 0.01 time 1.83
    0 SNES Function norm 5.844929970824e+01
    1 SNES Function norm 1.014849632373e-02
    2 SNES Function norm 1.431893575846e-08
    0 SNES Function norm 1.431893575846e-08
    1 SNES Function norm 1.751045495348e-11
    0 SNES Function norm 1.330798954285e+02
    1 SNES Function norm 9.108830700339e-02
    2 SNES Function norm 1.117909310660e-06
185 TS dt 0.01 time 1.84
    0 SNES Function norm 6.109168261036e+01
    1 SNES Function norm 1.012993606122e-02
    2 SNES Function norm 9.729647053702e-09
    0 SNES Function norm 9.729647053702e-09
    0 SNES Function norm 1.386707262907e+02
    1 SNES Function norm 9.100169234029e-02
    2 SNES Function norm 8.348975796093e-07
186 TS dt 0.01 time 1.85
    0 SNES Function norm 6.309310984290e+01
    1 SNES Function norm 1.013904137979e-02
    2 SNES Function norm 7.931184772326e-09
    0 SNES Function norm 7.931184772326e-09
    0 SNES Function norm 1.428019861226e+02
    1 SNES Function norm 9.118539206372e-02
    2 SNES Function norm 7.284316576869e-07
187 TS dt 0.01 time 1.86
    0 SNES Function norm 6.442712442114e+01
    1 SNES Function norm 1.018330322332e-02
    2 SNES Function norm 7.469970728744e-09
    0 SNES Function norm 7.469970728744e-09
    0 SNES Function norm 1.454219833707e+02
    1 SNES Function norm 9.169549051708e-02
    2 SNES Function norm 7.044667932091e-07
188 TS dt 0.01 time 1.87
    0 SNES Function norm 6.507945116348e+01
    1 SNES Function norm 1.026689725560e-02
    2 SNES Function norm 7.644162082102e-09
    0 SNES Function norm 7.644162082102e-09
    0 SNES Function norm 1.465039328097e+02
    1 SNES Function norm 9.255903770517e-02
    2 SNES Function norm 7.280179480637e-07
189 TS dt 0.01 time 1.88
    0 SNES Function norm 6.504428383017e+01
    1 SNES Function norm 1.039081532619e-02
    2 SNES Function norm 8.290121017588e-09
    0 SNES Function norm 8.290121017588e-09
    0 SNES Function norm 1.460386927615e+02
    1 SNES Function norm 9.377612326980e-02
    2 SNES Function norm 7.947773346400e-07
190 TS dt 0.01 time 1.89
    0 SNES Function norm 6.432235660583e+01
    1 SNES Function norm 1.055333394372e-02
    2 SNES Function norm 9.431410823026e-09
    0 SNES Function norm 9.431410823026e-09
    0 SNES Function norm 1.440313063669e+02
    1 SNES Function norm 9.532534122159e-02
    2 SNES Function norm 9.120798066974e-07
191 TS dt 0.01 time 1.9
    0 SNES Function norm 6.292047740181e+01
    1 SNES Function norm 1.075093878032e-02
    2 SNES Function norm 1.118228560520e-08
    0 SNES Function norm 1.118228560520e-08
    1 SNES Function norm 2.062860186782e-11
    0 SNES Function norm 1.405006838894e+02
    1 SNES Function norm 9.717316935025e-02
    2 SNES Function norm 1.094455202497e-06
192 TS dt 0.01 time 1.91
    0 SNES Function norm 6.085229312124e+01
    1 SNES Function norm 1.097961550275e-02
    2 SNES Function norm 1.371527000600e-08
    0 SNES Function norm 1.371527000600e-08
    1 SNES Function norm 3.219970439919e-11
    0 SNES Function norm 1.354819503385e+02
    1 SNES Function norm 9.928599579616e-02
    2 SNES Function norm 1.358829498293e-06
    3 SNES Function norm 7.673204726125e-12
193 TS dt 0.01 time 1.92
    0 SNES Function norm 5.814012981232e+01
    1 SNES Function norm 1.123626108819e-02
    2 SNES Function norm 1.723118847647e-08
    0 SNES Function norm 1.723118847647e-08
    1 SNES Function norm 9.619718423142e-12
    0 SNES Function norm 1.290311509630e+02
    1 SNES Function norm 1.016423607960e-01
    2 SNES Function norm 1.722933274310e-06
    3 SNES Function norm 1.279780692408e-11
194 TS dt 0.01 time 1.93
    0 SNES Function norm 5.481784843993e+01
    1 SNES Function norm 1.151989472066e-02
    2 SNES Function norm 2.203890589443e-08
    0 SNES Function norm 2.203890589443e-08
    1 SNES Function norm 1.515326654284e-11
    0 SNES Function norm 1.212322580034e+02
    1 SNES Function norm 1.042424716551e-01
    2 SNES Function norm 2.214475847030e-06
    3 SNES Function norm 8.840909585648e-12
195 TS dt 0.01 time 1.94
    0 SNES Function norm 5.093483391816e+01
    1 SNES Function norm 1.183232177814e-02
    2 SNES Function norm 2.871746334947e-08
    0 SNES Function norm 2.871746334947e-08
    1 SNES Function norm 2.340258347692e-11
    0 SNES Function norm 1.122068921335e+02
    1 SNES Function norm 1.071118990366e-01
    2 SNES Function norm 2.880660035488e-06
    3 SNES Function norm 7.701381676994e-12
196 TS dt 0.01 time 1.95
    0 SNES Function norm 4.656158454083e+01
    1 SNES Function norm 1.217791916657e-02
    2 SNES Function norm 3.802574119799e-08
    0 SNES Function norm 3.802574119799e-08
    1 SNES Function norm 1.471900999997e-11
    0 SNES Function norm 1.021281053033e+02
    1 SNES Function norm 1.102966698174e-01
    2 SNES Function norm 3.775426211716e-06
    3 SNES Function norm 1.832309297686e-11
197 TS dt 0.01 time 1.96
    0 SNES Function norm 4.179807074062e+01
    1 SNES Function norm 1.256232557557e-02
    2 SNES Function norm 5.052997777462e-08
    0 SNES Function norm 5.052997777462e-08
    1 SNES Function norm 2.509010863219e-11
    0 SNES Function norm 9.124145146256e+01
    1 SNES Function norm 1.138484363488e-01
    2 SNES Function norm 4.919266522148e-06
    3 SNES Function norm 1.813474915604e-11
198 TS dt 0.01 time 1.97
    0 SNES Function norm 3.678743726821e+01
    1 SNES Function norm 1.299012219997e-02
    2 SNES Function norm 6.590296660254e-08
    0 SNES Function norm 6.590296660254e-08
    1 SNES Function norm 2.929183851023e-11
    0 SNES Function norm 7.990029919556e+01
    1 SNES Function norm 1.178016536164e-01
    2 SNES Function norm 6.258682522964e-06
    3 SNES Function norm 1.347667238854e-11
199 TS dt 0.01 time 1.98
    0 SNES Function norm 3.174022390954e+01
    1 SNES Function norm 1.346205962837e-02
    2 SNES Function norm 8.276160700640e-08
    0 SNES Function norm 8.276160700640e-08
    1 SNES Function norm 2.066878325452e-11
    0 SNES Function norm 6.862891144707e+01
    1 SNES Function norm 1.221490552440e-01
    2 SNES Function norm 7.655247592756e-06
    3 SNES Function norm 1.345290354338e-11
200 TS dt 0.01 time 1.99
    0 SNES Function norm 2.697744362934e+01
    1 SNES Function norm 1.397280074326e-02
    2 SNES Function norm 9.886656345808e-08
    0 SNES Function norm 9.886656345808e-08
    1 SNES Function norm 3.116083897356e-11
    0 SNES Function norm 5.823244870600e+01
    1 SNES Function norm 1.268246654986e-01
    2 SNES Function norm 8.910221447395e-06
    3 SNES Function norm 1.727849353755e-11
201 TS dt 0.01 time 2.
    0 SNES Function norm 2.299423388210e+01
    1 SNES Function norm 1.451016752591e-02
    2 SNES Function norm 1.116669794551e-07
    0 SNES Function norm 1.116669794551e-07
    1 SNES Function norm 1.471418163683e-11
    0 SNES Function norm 4.994080501463e+01
    1 SNES Function norm 1.317022520937e-01
    2 SNES Function norm 9.813589248406e-06
    3 SNES Function norm 1.667734783023e-11
202 TS dt 0.01 time 2.01
    0 SNES Function norm 2.048059010707e+01
    1 SNES Function norm 1.505634810007e-02
    2 SNES Function norm 1.187912964815e-07
    0 SNES Function norm 1.187912964815e-07
    1 SNES Function norm 1.390519091738e-11
    0 SNES Function norm 4.536490989206e+01
    1 SNES Function norm 1.366111329190e-01
    2 SNES Function norm 1.020013086986e-05
    3 SNES Function norm 1.925252497628e-11
203 TS dt 0.01 time 2.02
    0 SNES Function norm 2.007285741578e+01
    1 SNES Function norm 1.559068592063e-02
    2 SNES Function norm 1.189647542884e-07
    0 SNES Function norm 1.189647542884e-07
    1 SNES Function norm 2.443086894302e-11
    0 SNES Function norm 4.571124093326e+01
    1 SNES Function norm 1.413638102922e-01
    2 SNES Function norm 9.994437813914e-06
    3 SNES Function norm 7.851301940738e-12
204 TS dt 0.01 time 2.03
    0 SNES Function norm 2.180671603543e+01
    1 SNES Function norm 1.609303276274e-02
    2 SNES Function norm 1.120183439609e-07
    0 SNES Function norm 1.120183439609e-07
    1 SNES Function norm 1.127953539499e-11
    0 SNES Function norm 5.061901236070e+01
    1 SNES Function norm 1.457854567351e-01
    2 SNES Function norm 9.229342677268e-06
    3 SNES Function norm 1.191884890260e-11
205 TS dt 0.01 time 2.04
    0 SNES Function norm 2.504721987756e+01
    1 SNES Function norm 1.654655031548e-02
    2 SNES Function norm 9.929544103286e-08
    0 SNES Function norm 9.929544103286e-08
    1 SNES Function norm 2.476234249070e-11
    0 SNES Function norm 5.846915451676e+01
    1 SNES Function norm 1.497360018275e-01
    2 SNES Function norm 8.033361092169e-06
    3 SNES Function norm 1.911772858786e-11
206 TS dt 0.01 time 2.05
    0 SNES Function norm 2.903495264859e+01
    1 SNES Function norm 1.693926206780e-02
    2 SNES Function norm 8.280615558461e-08
    0 SNES Function norm 8.280615558461e-08
    1 SNES Function norm 2.331162621356e-11
    0 SNES Function norm 6.763850377565e+01
    1 SNES Function norm 1.531202385490e-01
    2 SNES Function norm 6.593157391471e-06
    3 SNES Function norm 1.393550123579e-11
207 TS dt 0.01 time 2.06
    0 SNES Function norm 3.321328395103e+01
    1 SNES Function norm 1.726427844173e-02
    2 SNES Function norm 6.493148110750e-08
    0 SNES Function norm 6.493148110750e-08
    1 SNES Function norm 9.247159686104e-12
    0 SNES Function norm 7.700268810152e+01
    1 SNES Function norm 1.558868626772e-01
    2 SNES Function norm 5.105754347545e-06
    3 SNES Function norm 1.216440904972e-11
208 TS dt 0.01 time 2.07
    0 SNES Function norm 3.722900627844e+01
    1 SNES Function norm 1.751910156900e-02
    2 SNES Function norm 4.789289903703e-08
    0 SNES Function norm 4.789289903703e-08
    1 SNES Function norm 4.005891243229e-11
    0 SNES Function norm 8.585574054303e+01
    1 SNES Function norm 1.580209019540e-01
    2 SNES Function norm 3.736176474898e-06
    3 SNES Function norm 1.572892395834e-11
209 TS dt 0.01 time 2.08
    0 SNES Function norm 4.086174022359e+01
    1 SNES Function norm 1.770457761992e-02
    2 SNES Function norm 3.322007210160e-08
    0 SNES Function norm 3.322007210160e-08
    1 SNES Function norm 3.518824590517e-11
    0 SNES Function norm 9.375637722152e+01
    1 SNES Function norm 1.595344826290e-01
    2 SNES Function norm 2.592331667102e-06
    3 SNES Function norm 7.816544131088e-12
210 TS dt 0.01 time 2.09
    0 SNES Function norm 4.397339255893e+01
    1 SNES Function norm 1.782392406744e-02
    2 SNES Function norm 2.167730261147e-08
    0 SNES Function norm 2.167730261147e-08
    1 SNES Function norm 1.501588763809e-11
    0 SNES Function norm 1.004287436468e+02
    1 SNES Function norm 1.604590207502e-01
    2 SNES Function norm 1.720098489322e-06
    3 SNES Function norm 1.154598272518e-11
211 TS dt 0.01 time 2.1
    0 SNES Function norm 4.647986998719e+01
    1 SNES Function norm 1.788198409868e-02
    2 SNES Function norm 1.338088254469e-08
    0 SNES Function norm 1.338088254469e-08
    1 SNES Function norm 1.994194858800e-11
    0 SNES Function norm 1.057077256482e+02
    1 SNES Function norm 1.608394062376e-01
    2 SNES Function norm 1.114492142609e-06
    3 SNES Function norm 7.822426773015e-12
212 TS dt 0.01 time 2.11
    0 SNES Function norm 4.833548074020e+01
    1 SNES Function norm 1.788463589042e-02
    2 SNES Function norm 7.991757215178e-09
    0 SNES Function norm 7.991757215178e-09
    0 SNES Function norm 1.095084632534e+02
    1 SNES Function norm 1.607290960782e-01
    2 SNES Function norm 7.380707054002e-07
213 TS dt 0.01 time 2.12
    0 SNES Function norm 4.952381339326e+01
    1 SNES Function norm 1.783821067315e-02
    2 SNES Function norm 4.901761422035e-09
    0 SNES Function norm 4.901761422035e-09
    0 SNES Function norm 1.118082064359e+02
    1 SNES Function norm 1.601848292350e-01
    2 SNES Function norm 5.363462417936e-07
214 TS dt 0.01 time 2.13
    0 SNES Function norm 5.005204661468e+01
    1 SNES Function norm 1.774883841462e-02
    2 SNES Function norm 3.561200562440e-09
    0 SNES Function norm 3.561200562440e-09
    0 SNES Function norm 1.126348784880e+02
    1 SNES Function norm 1.592605275522e-01
    2 SNES Function norm 4.499200784592e-07
215 TS dt 0.01 time 2.14
    0 SNES Function norm 4.994734730261e+01
    1 SNES Function norm 1.762175494780e-02
    2 SNES Function norm 3.257576551516e-09
    0 SNES Function norm 3.257576551516e-09
    0 SNES Function norm 1.120599209890e+02
    1 SNES Function norm 1.580010246130e-01
    2 SNES Function norm 4.337705927231e-07
216 TS dt 0.01 time 2.15
    0 SNES Function norm 4.925483068531e+01
    1 SNES Function norm 1.746069694089e-02
    2 SNES Function norm 3.539653076119e-09
    0 SNES Function norm 3.539653076119e-09
    0 SNES Function norm 1.101945117365e+02
    1 SNES Function norm 1.564368926135e-01
    2 SNES Function norm 4.703555438152e-07
217 TS dt 0.01 time 2.16
    0 SNES Function norm 4.803693121990e+01
    1 SNES Function norm 1.726752096690e-02
    2 SNES Function norm 4.336278444728e-09
    0 SNES Function norm 4.336278444728e-09
    0 SNES Function norm 1.071889376667e+02
    1 SNES Function norm 1.545815654709e-01
    2 SNES Function norm 5.597041162186e-07
218 TS dt 0.01 time 2.17
    0 SNES Function norm 4.637419027626e+01
    1 SNES Function norm 1.704213236035e-02
    2 SNES Function norm 5.785479338322e-09
    0 SNES Function norm 5.785479338322e-09
    0 SNES Function norm 1.032351719371e+02
    1 SNES Function norm 1.524313344970e-01
    2 SNES Function norm 7.036274546450e-07
219 TS dt 0.01 time 2.18
    0 SNES Function norm 4.436747767388e+01
    1 SNES Function norm 1.678272017845e-02
    2 SNES Function norm 7.910553845637e-09
    0 SNES Function norm 7.910553845637e-09
    0 SNES Function norm 9.857263967463e+01
    1 SNES Function norm 1.499679661647e-01
    2 SNES Function norm 8.996698603835e-07
220 TS dt 0.01 time 2.19
    0 SNES Function norm 4.214147499571e+01
    1 SNES Function norm 1.648621236143e-02
    2 SNES Function norm 1.070641550599e-08
    0 SNES Function norm 1.070641550599e-08
    1 SNES Function norm 8.655201712378e-12
    0 SNES Function norm 9.349656036896e+01
    1 SNES Function norm 1.471630187128e-01
    2 SNES Function norm 1.140638366319e-06
    3 SNES Function norm 1.312105993102e-11
221 TS dt 0.01 time 2.2
    0 SNES Function norm 3.984864852790e+01
    1 SNES Function norm 1.614882062867e-02
    2 SNES Function norm 1.399613803708e-08
    0 SNES Function norm 1.399613803708e-08
    1 SNES Function norm 2.238937442660e-11
    0 SNES Function norm 8.836655028260e+01
    1 SNES Function norm 1.439826632040e-01
    2 SNES Function norm 1.413464586184e-06
    3 SNES Function norm 8.044377674259e-12
222 TS dt 0.01 time 2.21
    0 SNES Function norm 3.767154330646e+01
    1 SNES Function norm 1.576655282590e-02
    2 SNES Function norm 1.757775997998e-08
    0 SNES Function norm 1.757775997998e-08
    1 SNES Function norm 1.844215957267e-11
    0 SNES Function norm 8.360943575681e+01
    1 SNES Function norm 1.403920269989e-01
    2 SNES Function norm 1.697115367640e-06
    3 SNES Function norm 1.586595222221e-11
223 TS dt 0.01 time 2.22
    0 SNES Function norm 3.581874411146e+01
    1 SNES Function norm 1.533562739978e-02
    2 SNES Function norm 2.112453861744e-08
    0 SNES Function norm 2.112453861744e-08
    1 SNES Function norm 2.889446520310e-11
    0 SNES Function norm 7.970416740054e+01
    1 SNES Function norm 1.363586768007e-01
    2 SNES Function norm 1.962247738522e-06
    3 SNES Function norm 1.224911197081e-11
224 TS dt 0.01 time 2.23
    0 SNES Function norm 3.450726553159e+01
    1 SNES Function norm 1.485280473680e-02
    2 SNES Function norm 2.416830378780e-08
    0 SNES Function norm 2.416830378780e-08
    1 SNES Function norm 1.716315868659e-11
    0 SNES Function norm 7.713204605812e+01
    1 SNES Function norm 1.318555854406e-01
    2 SNES Function norm 2.173679765911e-06
    3 SNES Function norm 1.638940607480e-11
225 TS dt 0.01 time 2.24
    0 SNES Function norm 3.392583398846e+01
    1 SNES Function norm 1.431572014382e-02
    2 SNES Function norm 2.627978081034e-08
    0 SNES Function norm 2.627978081034e-08
    1 SNES Function norm 3.159943356675e-11
    0 SNES Function norm 7.628416505576e+01
    1 SNES Function norm 1.268644388050e-01
    2 SNES Function norm 2.297080188388e-06
    3 SNES Function norm 1.643345810724e-11
226 TS dt 0.01 time 2.25
    0 SNES Function norm 3.418575201361e+01
    1 SNES Function norm 1.372332267267e-02
    2 SNES Function norm 2.706612044557e-08
    0 SNES Function norm 2.706612044557e-08
    1 SNES Function norm 1.137354396655e-11
    0 SNES Function norm 7.735157294703e+01
    1 SNES Function norm 1.213801367158e-01
    2 SNES Function norm 2.307460402879e-06
    3 SNES Function norm 7.269991132560e-12
227 TS dt 0.01 time 2.26
    0 SNES Function norm 3.528419997967e+01
    1 SNES Function norm 1.307647705800e-02
    2 SNES Function norm 2.635796096382e-08
    0 SNES Function norm 2.635796096382e-08
    1 SNES Function norm 2.077967255222e-11
    0 SNES Function norm 8.026036263316e+01
    1 SNES Function norm 1.154167413623e-01
    2 SNES Function norm 2.197180145183e-06
    3 SNES Function norm 1.899172126200e-11
228 TS dt 0.01 time 2.27
    0 SNES Function norm 3.710545955980e+01
    1 SNES Function norm 1.237868570997e-02
    2 SNES Function norm 2.425983777150e-08
    0 SNES Function norm 2.425983777150e-08
    1 SNES Function norm 1.860788511252e-11
    0 SNES Function norm 8.469810970489e+01
    1 SNES Function norm 1.090141511584e-01
    2 SNES Function norm 1.979844164661e-06
    3 SNES Function norm 1.287120038780e-11
229 TS dt 0.01 time 2.28
    0 SNES Function norm 3.945825055235e+01
    1 SNES Function norm 1.163677879926e-02
    2 SNES Function norm 2.108430796540e-08
    0 SNES Function norm 2.108430796540e-08
    1 SNES Function norm 2.532720601422e-11
    0 SNES Function norm 9.020953238037e+01
    1 SNES Function norm 1.022438781960e-01
    2 SNES Function norm 1.688536549001e-06
    3 SNES Function norm 1.031150877965e-11
230 TS dt 0.01 time 2.29
    0 SNES Function norm 4.212283625455e+01
    1 SNES Function norm 1.086135557761e-02
    2 SNES Function norm 1.729753031986e-08
    0 SNES Function norm 1.729753031986e-08
    1 SNES Function norm 3.358943328987e-11
    0 SNES Function norm 9.629844472914e+01
    1 SNES Function norm 9.521191891237e-02
    2 SNES Function norm 1.368002869487e-06
    3 SNES Function norm 9.268132405704e-12
231 TS dt 0.01 time 2.3
    0 SNES Function norm 4.488553665064e+01
    1 SNES Function norm 1.006676889617e-02
    2 SNES Function norm 1.352998459403e-08
    0 SNES Function norm 1.352998459403e-08
    1 SNES Function norm 1.184829265037e-11
    0 SNES Function norm 1.024952118392e+02
    1 SNES Function norm 8.805699647460e-02
    2 SNES Function norm 1.063569666553e-06
    3 SNES Function norm 1.614503362882e-11
232 TS dt 0.01 time 2.31
    0 SNES Function norm 4.755583702758e+01
    1 SNES Function norm 9.270518115112e-03
    2 SNES Function norm 1.024579883702e-08
    0 SNES Function norm 1.024579883702e-08
    1 SNES Function norm 2.829937469914e-11
    0 SNES Function norm 1.083870060738e+02
    1 SNES Function norm 8.094323646211e-02
    2 SNES Function norm 8.095426883424e-07
233 TS dt 0.01 time 2.32
    0 SNES Function norm 4.997147686882e+01
    1 SNES Function norm 8.492015519354e-03
    2 SNES Function norm 7.744015752953e-09
    0 SNES Function norm 7.744015752953e-09
    0 SNES Function norm 1.136248915271e+02
    1 SNES Function norm 7.404724888133e-02
    2 SNES Function norm 6.205548652393e-07
234 TS dt 0.01 time 2.33
    0 SNES Function norm 5.199777738961e+01
    1 SNES Function norm 7.750782849109e-03
    2 SNES Function norm 6.033296356508e-09
    0 SNES Function norm 6.033296356508e-09
    0 SNES Function norm 1.179206697738e+02
    1 SNES Function norm 6.754038846817e-02
    2 SNES Function norm 4.901791929354e-07
235 TS dt 0.01 time 2.34
    0 SNES Function norm 5.352507088955e+01
    1 SNES Function norm 7.064218252887e-03
    2 SNES Function norm 4.884119915866e-09
    0 SNES Function norm 4.884119915866e-09
    0 SNES Function norm 1.210408023950e+02
    1 SNES Function norm 6.156778517564e-02
    2 SNES Function norm 3.999156421982e-07
236 TS dt 0.01 time 2.35
    0 SNES Function norm 5.446601150251e+01
    1 SNES Function norm 6.445193704597e-03
    2 SNES Function norm 4.071408213320e-09
    0 SNES Function norm 4.071408213320e-09
    0 SNES Function norm 1.228005973601e+02
    1 SNES Function norm 5.622703523275e-02
    2 SNES Function norm 3.328121053696e-07
237 TS dt 0.01 time 2.36
    0 SNES Function norm 5.475343001988e+01
    1 SNES Function norm 5.899943611904e-03
    2 SNES Function norm 3.438197180775e-09
    0 SNES Function norm 3.438197180775e-09
    0 SNES Function norm 1.230597864390e+02
    1 SNES Function norm 5.155141833250e-02
    2 SNES Function norm 2.796998268933e-07
238 TS dt 0.01 time 2.37
    0 SNES Function norm 5.433892498160e+01
    1 SNES Function norm 5.426929096228e-03
    2 SNES Function norm 2.923560475718e-09
    0 SNES Function norm 2.923560475718e-09
    0 SNES Function norm 1.217197890334e+02
    1 SNES Function norm 4.750415950769e-02
    2 SNES Function norm 2.375074062321e-07
239 TS dt 0.01 time 2.38
    0 SNES Function norm 5.319220871409e+01
    1 SNES Function norm 5.017384910043e-03
    2 SNES Function norm 2.546088536906e-09
    0 SNES Function norm 2.546088536906e-09
    0 SNES Function norm 1.187226539434e+02
    1 SNES Function norm 4.398925407908e-02
    2 SNES Function norm 2.074024080752e-07
240 TS dt 0.01 time 2.39
    0 SNES Function norm 5.130115879286e+01
    1 SNES Function norm 4.657832047701e-03
    2 SNES Function norm 2.344309807449e-09
    0 SNES Function norm 2.344309807449e-09
    0 SNES Function norm 1.140515434108e+02
    1 SNES Function norm 4.087920105459e-02
    2 SNES Function norm 1.993631062771e-07
241 TS dt 0.01 time 2.4
    0 SNES Function norm 4.867249117476e+01
    1 SNES Function norm 4.334051968918e-03
    2 SNES Function norm 2.630297542773e-09
    0 SNES Function norm 2.630297542773e-09
    0 SNES Function norm 1.077325613731e+02
    1 SNES Function norm 3.805278362960e-02
    2 SNES Function norm 2.412163329350e-07
242 TS dt 0.01 time 2.41
    0 SNES Function norm 4.533297130369e+01
    1 SNES Function norm 4.035352466679e-03
    2 SNES Function norm 3.747998340017e-09
    0 SNES Function norm 3.747998340017e-09
    0 SNES Function norm 9.983776147867e+01
    1 SNES Function norm 3.543147454162e-02
    2 SNES Function norm 3.618974989934e-07
243 TS dt 0.01 time 2.42
    0 SNES Function norm 4.133116785057e+01
    1 SNES Function norm 3.757808660869e-03
    2 SNES Function norm 5.913393327497e-09
    0 SNES Function norm 5.913393327497e-09
    0 SNES Function norm 9.048945628822e+01
    1 SNES Function norm 3.300327921744e-02
    2 SNES Function norm 5.655480839873e-07
244 TS dt 0.01 time 2.43
    0 SNES Function norm 3.674006852469e+01
    1 SNES Function norm 3.505422436953e-03
    2 SNES Function norm 9.008121805449e-09
    0 SNES Function norm 9.008121805449e-09
    0 SNES Function norm 7.986687915339e+01
    1 SNES Function norm 3.082558145928e-02
    2 SNES Function norm 8.389406252481e-07
    3 SNES Function norm 1.060528667791e-11
245 TS dt 0.01 time 2.44
    0 SNES Function norm 3.166178941733e+01
    1 SNES Function norm 3.288475731311e-03
    2 SNES Function norm 1.274078814743e-08
    0 SNES Function norm 1.274078814743e-08
    1 SNES Function norm 1.786412185934e-11
    0 SNES Function norm 6.821891870600e+01
    1 SNES Function norm 2.900153592540e-02
    2 SNES Function norm 1.155290195110e-06
    3 SNES Function norm 9.042679764074e-12
246 TS dt 0.01 time 2.45
    0 SNES Function norm 2.623828724173e+01
    1 SNES Function norm 3.118852440789e-03
    2 SNES Function norm 1.668551179222e-08
    0 SNES Function norm 1.668551179222e-08
    1 SNES Function norm 2.956933996059e-11
    0 SNES Function norm 5.589463401159e+01
    1 SNES Function norm 2.763055905051e-02
    2 SNES Function norm 1.474333829192e-06
    3 SNES Function norm 1.223063194021e-11
247 TS dt 0.01 time 2.46
    0 SNES Function norm 2.068066441570e+01
    1 SNES Function norm 3.003398892608e-03
    2 SNES Function norm 2.027932303467e-08
    0 SNES Function norm 2.027932303467e-08
    1 SNES Function norm 2.504302763723e-11
    0 SNES Function norm 4.342992312411e+01
    1 SNES Function norm 2.674811129427e-02
    2 SNES Function norm 1.747776822331e-06
    3 SNES Function norm 1.009548875518e-11
248 TS dt 0.01 time 2.47
    0 SNES Function norm 1.536091181330e+01
    1 SNES Function norm 2.938449105374e-03
    2 SNES Function norm 2.288960888378e-08
    0 SNES Function norm 2.288960888378e-08
    1 SNES Function norm 1.128398637520e-11
    0 SNES Function norm 3.182565434800e+01
    1 SNES Function norm 2.628737571176e-02
    2 SNES Function norm 1.929112991209e-06
    3 SNES Function norm 1.356904242341e-11
249 TS dt 0.01 time 2.48
    0 SNES Function norm 1.110909630487e+01
    1 SNES Function norm 2.909222909285e-03
    2 SNES Function norm 2.411626205075e-08
    0 SNES Function norm 2.411626205075e-08
    1 SNES Function norm 3.427392030361e-11
    0 SNES Function norm 2.340576443677e+01
    1 SNES Function norm 2.609102480302e-02
    2 SNES Function norm 1.985057045068e-06
    3 SNES Function norm 1.071110094969e-11
250 TS dt 0.01 time 2.49
    0 SNES Function norm 9.681453031741e+00
    1 SNES Function norm 2.894777342690e-03
    2 SNES Function norm 2.369188705483e-08
    0 SNES Function norm 2.369188705483e-08
    1 SNES Function norm 2.370262152433e-11
    0 SNES Function norm 2.238611622242e+01
    1 SNES Function norm 2.596652446574e-02
    2 SNES Function norm 1.904281712019e-06
    3 SNES Function norm 1.145860561987e-11
251 TS dt 0.01 time 2.5
    0 SNES Function norm 1.199597610503e+01
    1 SNES Function norm 2.875220106071e-03
    2 SNES Function norm 2.166660628071e-08
    0 SNES Function norm 2.166660628071e-08
    1 SNES Function norm 1.720059667377e-11
    0 SNES Function norm 2.914443815219e+01
    1 SNES Function norm 2.574961506009e-02
    2 SNES Function norm 1.700753078096e-06
    3 SNES Function norm 1.382669283861e-11
252 TS dt 0.01 time 2.51
    0 SNES Function norm 1.627040602582e+01
    1 SNES Function norm 2.837345218740e-03
    2 SNES Function norm 1.842143215760e-08
    0 SNES Function norm 1.842143215760e-08
    1 SNES Function norm 2.922866278904e-11
    0 SNES Function norm 3.923033600059e+01
    1 SNES Function norm 2.534665075521e-02
    2 SNES Function norm 1.409953257599e-06
    3 SNES Function norm 8.596581744159e-12
253 TS dt 0.01 time 2.52
    0 SNES Function norm 2.102138082321e+01
    1 SNES Function norm 2.777159118425e-03
    2 SNES Function norm 1.449786650386e-08
    0 SNES Function norm 1.449786650386e-08
    1 SNES Function norm 2.878570693248e-11
    0 SNES Function norm 4.992413457996e+01
    1 SNES Function norm 2.474892066556e-02
    2 SNES Function norm 1.079791116271e-06
    3 SNES Function norm 1.456945614452e-11
254 TS dt 0.01 time 2.53
    0 SNES Function norm 2.564293188312e+01
    1 SNES Function norm 2.699731804433e-03
    2 SNES Function norm 1.050954296227e-08
    0 SNES Function norm 1.050954296227e-08
    1 SNES Function norm 2.982130782393e-11
    0 SNES Function norm 6.013456727123e+01
    1 SNES Function norm 2.402555241546e-02
    2 SNES Function norm 7.587036376413e-07
    3 SNES Function norm 1.137222217682e-11
255 TS dt 0.01 time 2.54
    0 SNES Function norm 2.986709386304e+01
    1 SNES Function norm 2.617330305939e-03
    2 SNES Function norm 6.906718948470e-09
    0 SNES Function norm 6.906718948470e-09
    0 SNES Function norm 6.935373962985e+01
    1 SNES Function norm 2.330319478926e-02
    2 SNES Function norm 4.852669245287e-07
256 TS dt 0.01 time 2.55
    0 SNES Function norm 3.355037163192e+01
    1 SNES Function norm 2.546529461797e-03
    2 SNES Function norm 4.126730225661e-09
    0 SNES Function norm 4.126730225661e-09
    0 SNES Function norm 7.729970928110e+01
    1 SNES Function norm 2.273758381192e-02
    2 SNES Function norm 2.821720167596e-07
257 TS dt 0.01 time 2.56
    0 SNES Function norm 3.660745768593e+01
    1 SNES Function norm 2.504668426687e-03
    2 SNES Function norm 2.284348239791e-09
    0 SNES Function norm 2.284348239791e-09
    0 SNES Function norm 8.380323420312e+01
    1 SNES Function norm 2.247998880535e-02
    2 SNES Function norm 1.552242822150e-07
258 TS dt 0.01 time 2.57
    0 SNES Function norm 3.898773504952e+01
    1 SNES Function norm 2.506063372403e-03
    2 SNES Function norm 1.283865517115e-09
    0 SNES Function norm 1.283865517115e-09
    0 SNES Function norm 8.876574852569e+01
    1 SNES Function norm 2.264354363801e-02
    2 SNES Function norm 9.410565245494e-08
259 TS dt 0.01 time 2.58
    0 SNES Function norm 4.066517243737e+01
    1 SNES Function norm 2.558877907477e-03
    2 SNES Function norm 8.860143306776e-10
    0 SNES Function norm 8.860143306776e-10
    0 SNES Function norm 9.214035380933e+01
    1 SNES Function norm 2.327937786406e-02
    2 SNES Function norm 7.102494970766e-08
260 TS dt 0.01 time 2.59
    0 SNES Function norm 4.163301847785e+01
    1 SNES Function norm 2.663855785720e-03
    2 SNES Function norm 7.279782618171e-10
    0 SNES Function norm 7.279782618171e-10
    0 SNES Function norm 9.392137189352e+01
    1 SNES Function norm 2.437249797834e-02
    2 SNES Function norm 5.949895623849e-08
261 TS dt 0.01 time 2.6
    0 SNES Function norm 4.190052371377e+01
    1 SNES Function norm 2.815378291093e-03
    2 SNES Function norm 6.220330033118e-10
    0 SNES Function norm 6.220330033118e-10
    0 SNES Function norm 9.413769689974e+01
    1 SNES Function norm 2.585733717064e-02
    2 SNES Function norm 5.126077320492e-08
262 TS dt 0.01 time 2.61
    0 SNES Function norm 4.149073043109e+01
    1 SNES Function norm 3.003951080642e-03
    2 SNES Function norm 5.451609531084e-10
    0 SNES Function norm 5.451609531084e-10
    0 SNES Function norm 9.284827735443e+01
    1 SNES Function norm 2.764173905830e-02
    2 SNES Function norm 4.538638536272e-08
263 TS dt 0.01 time 2.62
    0 SNES Function norm 4.043899027513e+01
    1 SNES Function norm 3.218697062301e-03
    2 SNES Function norm 4.913281868511e-10
    0 SNES Function norm 4.913281868511e-10
    0 SNES Function norm 9.013914311675e+01
    1 SNES Function norm 2.962743879114e-02
    2 SNES Function norm 4.142147343162e-08
264 TS dt 0.01 time 2.63
    0 SNES Function norm 3.879210842606e+01
    1 SNES Function norm 3.449032470622e-03
    2 SNES Function norm 4.593726373214e-10
    0 SNES Function norm 4.593726373214e-10
    0 SNES Function norm 8.612183199971e+01
    1 SNES Function norm 3.172228405395e-02
    2 SNES Function norm 3.990689639018e-08
265 TS dt 0.01 time 2.64
    0 SNES Function norm 3.660814369156e+01
    1 SNES Function norm 3.685477783483e-03
    2 SNES Function norm 4.951806225112e-10
    0 SNES Function norm 4.951806225112e-10
    0 SNES Function norm 8.093335201211e+01
    1 SNES Function norm 3.384533385146e-02
    2 SNES Function norm 4.926147654713e-08
266 TS dt 0.01 time 2.65
    0 SNES Function norm 3.395703761123e+01
    1 SNES Function norm 3.919878448769e-03
    2 SNES Function norm 8.058729698117e-10
    0 SNES Function norm 8.058729698117e-10
    0 SNES Function norm 7.473817801713e+01
    1 SNES Function norm 3.592752080859e-02
    2 SNES Function norm 8.665545419040e-08
267 TS dt 0.01 time 2.66
    0 SNES Function norm 3.092249843595e+01
    1 SNES Function norm 4.145287667344e-03
    2 SNES Function norm 1.555284995013e-09
    0 SNES Function norm 1.555284995013e-09
    0 SNES Function norm 6.773345282181e+01
    1 SNES Function norm 3.790986716337e-02
    2 SNES Function norm 1.564653851117e-07
268 TS dt 0.01 time 2.67
    0 SNES Function norm 2.760606690924e+01
    1 SNES Function norm 4.355666981751e-03
    2 SNES Function norm 2.623988920525e-09
    0 SNES Function norm 2.623988920525e-09
    0 SNES Function norm 6.015990183908e+01
    1 SNES Function norm 3.974044898089e-02
    2 SNES Function norm 2.527192943897e-07
269 TS dt 0.01 time 2.68
    0 SNES Function norm 2.413528188374e+01
    1 SNES Function norm 4.545515123882e-03
    2 SNES Function norm 3.945180433565e-09
    0 SNES Function norm 3.945180433565e-09
    0 SNES Function norm 5.232358315761e+01
    1 SNES Function norm 4.137106299777e-02
    2 SNES Function norm 3.638282528101e-07
270 TS dt 0.01 time 2.69
    0 SNES Function norm 2.067961713489e+01
    1 SNES Function norm 4.709539305702e-03
    2 SNES Function norm 5.310767751975e-09
    0 SNES Function norm 5.310767751975e-09
    0 SNES Function norm 4.463790905575e+01
    1 SNES Function norm 4.275464156961e-02
    2 SNES Function norm 4.737144488403e-07
    3 SNES Function norm 1.736733913770e-11
271 TS dt 0.01 time 2.7
    0 SNES Function norm 1.747948004492e+01
    1 SNES Function norm 4.842490384836e-03
    2 SNES Function norm 6.513116101596e-09
    0 SNES Function norm 6.513116101596e-09
    0 SNES Function norm 3.769721702090e+01
    1 SNES Function norm 4.384445444586e-02
    2 SNES Function norm 5.644703759709e-07
    3 SNES Function norm 9.968444557948e-12
272 TS dt 0.01 time 2.71
    0 SNES Function norm 1.488588324375e+01
    1 SNES Function norm 4.939254952701e-03
    2 SNES Function norm 7.336039174745e-09
    0 SNES Function norm 7.336039174745e-09
    0 SNES Function norm 3.236112514983e+01
    1 SNES Function norm 4.459575611535e-02
    2 SNES Function norm 6.207224083517e-07
    3 SNES Function norm 8.747668138539e-12
273 TS dt 0.01 time 2.72
    0 SNES Function norm 1.335528489965e+01
    1 SNES Function norm 4.995225204534e-03
    2 SNES Function norm 7.692484718178e-09
    0 SNES Function norm 7.692484718178e-09
    0 SNES Function norm 2.966799414670e+01
    1 SNES Function norm 4.496980373155e-02
    2 SNES Function norm 6.332328123046e-07
    3 SNES Function norm 8.594183944252e-12
274 TS dt 0.01 time 2.73
    0 SNES Function norm 1.324640417081e+01
    1 SNES Function norm 5.006874489715e-03
    2 SNES Function norm 7.474715262815e-09
    0 SNES Function norm 7.474715262815e-09
    0 SNES Function norm 3.023818474936e+01
    1 SNES Function norm 4.493935462113e-02
    2 SNES Function norm 6.010853968157e-07
    3 SNES Function norm 1.758231475011e-11
275 TS dt 0.01 time 2.74
    0 SNES Function norm 1.448216999383e+01
    1 SNES Function norm 4.972391731141e-03
    2 SNES Function norm 6.801678089054e-09
    0 SNES Function norm 6.801678089054e-09
    0 SNES Function norm 3.362197208836e+01
    1 SNES Function norm 4.449419738819e-02
    2 SNES Function norm 5.315295773071e-07
    3 SNES Function norm 8.042026604624e-12
276 TS dt 0.01 time 2.75
    0 SNES Function norm 1.660012356729e+01
    1 SNES Function norm 4.892200583119e-03
    2 SNES Function norm 5.694433153104e-09
    0 SNES Function norm 5.694433153104e-09
    0 SNES Function norm 3.869710605994e+01
    1 SNES Function norm 4.364518461719e-02
    2 SNES Function norm 4.376518925889e-07
    3 SNES Function norm 1.504146893759e-11
277 TS dt 0.01 time 2.76
    0 SNES Function norm 1.911665844436e+01
    1 SNES Function norm 4.769216482753e-03
    2 SNES Function norm 4.474192630056e-09
    0 SNES Function norm 4.474192630056e-09
    0 SNES Function norm 4.444673151249e+01
    1 SNES Function norm 4.242560432856e-02
    2 SNES Function norm 3.349595258295e-07
278 TS dt 0.01 time 2.77
    0 SNES Function norm 2.169304898987e+01
    1 SNES Function norm 4.608759069703e-03
    2 SNES Function norm 3.265640476384e-09
    0 SNES Function norm 3.265640476384e-09
    0 SNES Function norm 5.019013071721e+01
    1 SNES Function norm 4.088936678618e-02
    2 SNES Function norm 2.377385143687e-07
279 TS dt 0.01 time 2.78
    0 SNES Function norm 2.411681881996e+01
    1 SNES Function norm 4.418114480182e-03
    2 SNES Function norm 2.168348169508e-09
    0 SNES Function norm 2.168348169508e-09
    0 SNES Function norm 5.550266251467e+01
    1 SNES Function norm 3.910616484374e-02
    2 SNES Function norm 1.563127932260e-07
280 TS dt 0.01 time 2.79
    0 SNES Function norm 2.625476919778e+01
    1 SNES Function norm 4.205809644385e-03
    2 SNES Function norm 1.347560997500e-09
    0 SNES Function norm 1.347560997500e-09
    0 SNES Function norm 6.011683632977e+01
    1 SNES Function norm 3.715432572743e-02
    2 SNES Function norm 9.585230153511e-08
281 TS dt 0.01 time 2.8
    0 SNES Function norm 2.802208122560e+01
    1 SNES Function norm 3.980709123690e-03
    2 SNES Function norm 8.145516606700e-10
    0 SNES Function norm 8.145516606700e-10
    0 SNES Function norm 6.386227906884e+01
    1 SNES Function norm 3.511245263271e-02
    2 SNES Function norm 5.681213062754e-08
282 TS dt 0.01 time 2.81
    0 SNES Function norm 2.936570617705e+01
    1 SNES Function norm 3.751074262972e-03
    2 SNES Function norm 4.711532774245e-10
    0 SNES Function norm 4.711532774245e-10
    0 SNES Function norm 6.663400272129e+01
    1 SNES Function norm 3.305116868540e-02
    2 SNES Function norm 3.623167136032e-08
283 TS dt 0.01 time 2.82
    0 SNES Function norm 3.025575282428e+01
    1 SNES Function norm 3.523737446923e-03
    2 SNES Function norm 3.482343415202e-10
    0 SNES Function norm 3.482343415202e-10
    0 SNES Function norm 6.837594858491e+01
    1 SNES Function norm 3.102633963410e-02
    2 SNES Function norm 2.912635929756e-08
284 TS dt 0.01 time 2.83
    0 SNES Function norm 3.068099651527e+01
    1 SNES Function norm 3.303537481316e-03
    2 SNES Function norm 3.384279132139e-10
    0 SNES Function norm 3.384279132139e-10
    0 SNES Function norm 6.907239374773e+01
    1 SNES Function norm 2.907501483354e-02
    2 SNES Function norm 3.017584510263e-08
285 TS dt 0.01 time 2.84
    0 SNES Function norm 3.064655340261e+01
    1 SNES Function norm 3.093126161283e-03
    2 SNES Function norm 3.872520209502e-10
    0 SNES Function norm 3.872520209502e-10
    0 SNES Function norm 6.874354613252e+01
    1 SNES Function norm 2.721488829684e-02
    2 SNES Function norm 3.598730506008e-08
286 TS dt 0.01 time 2.85
    0 SNES Function norm 3.017278246026e+01
    1 SNES Function norm 2.893181166729e-03
    2 SNES Function norm 4.993835086909e-10
    0 SNES Function norm 4.993835086909e-10
    0 SNES Function norm 6.744358157858e+01
    1 SNES Function norm 2.544730633635e-02
    2 SNES Function norm 4.473240625703e-08
287 TS dt 0.01 time 2.86
    0 SNES Function norm 2.929498371771e+01
    1 SNES Function norm 2.702957439531e-03
    2 SNES Function norm 6.001524615071e-10
    0 SNES Function norm 6.001524615071e-10
    0 SNES Function norm 6.526033272726e+01
    1 SNES Function norm 2.376290499514e-02
    2 SNES Function norm 5.498404351583e-08
288 TS dt 0.01 time 2.87
    0 SNES Function norm 2.806371682176e+01
    1 SNES Function norm 2.521013436384e-03
    2 SNES Function norm 7.520737477245e-10
    0 SNES Function norm 7.520737477245e-10
    0 SNES Function norm 6.231632665735e+01
    1 SNES Function norm 2.214821803954e-02
    2 SNES Function norm 6.550615329360e-08
289 TS dt 0.01 time 2.88
    0 SNES Function norm 2.654569156298e+01
    1 SNES Function norm 2.345904181148e-03
    2 SNES Function norm 9.040059495778e-10
    0 SNES Function norm 9.040059495778e-10
    0 SNES Function norm 5.877109800033e+01
    1 SNES Function norm 2.059140565611e-02
    2 SNES Function norm 7.549458324089e-08
290 TS dt 0.01 time 2.89
    0 SNES Function norm 2.482519990909e+01
    1 SNES Function norm 2.176660922216e-03
    2 SNES Function norm 1.019314566466e-09
    0 SNES Function norm 1.019314566466e-09
    0 SNES Function norm 5.482466054556e+01
    1 SNES Function norm 1.908569991741e-02
    2 SNES Function norm 8.452420835906e-08
291 TS dt 0.01 time 2.9
    0 SNES Function norm 2.300586785817e+01
    1 SNES Function norm 2.012962926758e-03
    2 SNES Function norm 1.091775596181e-09
    0 SNES Function norm 1.091775596181e-09
    0 SNES Function norm 5.072139228754e+01
    1 SNES Function norm 1.763002759755e-02
    2 SNES Function norm 9.234291640313e-08
292 TS dt 0.01 time 2.91
    0 SNES Function norm 2.121181922649e+01
    1 SNES Function norm 1.855013580031e-03
    2 SNES Function norm 1.196261957354e-09
    0 SNES Function norm 1.196261957354e-09
    0 SNES Function norm 4.675160783643e+01
    1 SNES Function norm 1.622721104705e-02
    2 SNES Function norm 9.844965626807e-08
293 TS dt 0.01 time 2.92
    0 SNES Function norm 1.958568319711e+01
    1 SNES Function norm 1.703224829508e-03
    2 SNES Function norm 1.218057521316e-09
    0 SNES Function norm 1.218057521316e-09
    0 SNES Function norm 4.324368309061e+01
    1 SNES Function norm 1.488087568099e-02
    2 SNES Function norm 1.016448111687e-07
294 TS dt 0.01 time 2.93
    0 SNES Function norm 1.827817159264e+01
    1 SNES Function norm 1.557866852539e-03
    2 SNES Function norm 1.241536492395e-09
    0 SNES Function norm 1.241536492395e-09
    0 SNES Function norm 4.053344997426e+01
    1 SNES Function norm 1.359252189442e-02
    2 SNES Function norm 1.005705792629e-07
295 TS dt 0.01 time 2.94
    0 SNES Function norm 1.742279335295e+01
    1 SNES Function norm 1.418838745312e-03
    2 SNES Function norm 1.178441910590e-09
    0 SNES Function norm 1.178441910590e-09
    0 SNES Function norm 3.889812852584e+01
    1 SNES Function norm 1.236004887881e-02
    2 SNES Function norm 9.427989740717e-08
296 TS dt 0.01 time 2.95
    0 SNES Function norm 1.709694014531e+01
    1 SNES Function norm 1.285659838211e-03
    2 SNES Function norm 1.048228187811e-09
    0 SNES Function norm 1.048228187811e-09
    0 SNES Function norm 3.846660137740e+01
    1 SNES Function norm 1.117837334495e-02
    2 SNES Function norm 8.283213836538e-08
297 TS dt 0.01 time 2.96
    0 SNES Function norm 1.728935043087e+01
    1 SNES Function norm 1.157686279773e-03
    2 SNES Function norm 9.058944855968e-10
    0 SNES Function norm 9.058944855968e-10
    0 SNES Function norm 3.916062155744e+01
    1 SNES Function norm 1.004189921555e-02
    2 SNES Function norm 6.756573329333e-08
298 TS dt 0.01 time 2.97
    0 SNES Function norm 1.790140631663e+01
    1 SNES Function norm 1.034465950930e-03
    2 SNES Function norm 6.988151507251e-10
    0 SNES Function norm 6.988151507251e-10
    0 SNES Function norm 4.072051111489e+01
    1 SNES Function norm 8.947862707279e-03
    2 SNES Function norm 5.060355563480e-08
299 TS dt 0.01 time 2.98
    0 SNES Function norm 1.878337959602e+01
    1 SNES Function norm 9.160980162167e-04
    2 SNES Function norm 4.706588183882e-10
    0 SNES Function norm 4.706588183882e-10
    0 SNES Function norm 4.279724158687e+01
    1 SNES Function norm 7.899331154344e-03
    2 SNES Function norm 3.435023262292e-08
300 TS dt 0.01 time 2.99
    0 SNES Function norm 1.977760118265e+01
    1 SNES Function norm 8.034763706888e-04
    2 SNES Function norm 3.040957481413e-10
    0 SNES Function norm 3.040957481413e-10
    0 SNES Function norm 4.504337774639e+01
    1 SNES Function norm 6.906891712941e-03
    2 SNES Function norm 2.072956359319e-08
301 TS dt 0.01 time 3.
    0 SNES Function norm 2.074577436726e+01
    1 SNES Function norm 6.983454565338e-04
    2 SNES Function norm 1.681656272518e-10
    0 SNES Function norm 1.681656272518e-10
    0 SNES Function norm 4.716348349325e+01
    1 SNES Function norm 5.988529770448e-03
    2 SNES Function norm 1.086028789000e-08
302 TS dt 0.01 time 3.01
    0 SNES Function norm 2.157858161230e+01
    1 SNES Function norm 6.031387681225e-04
    2 SNES Function norm 8.762698220813e-11
    0 SNES Function norm 8.762698220813e-11
    0 SNES Function norm 4.892840143295e+01
    1 SNES Function norm 5.167475415290e-03
    2 SNES Function norm 4.767944887323e-09
303 TS dt 0.01 time 3.02
    0 SNES Function norm 2.219532489817e+01
    1 SNES Function norm 5.205724847221e-04
    2 SNES Function norm 2.545661177433e-11
    0 SNES Function norm 2.545661177433e-11
    0 SNES Function norm 5.017148894571e+01
    1 SNES Function norm 4.467713745453e-03
    2 SNES Function norm 1.793524745218e-09
304 TS dt 0.01 time 3.03
    0 SNES Function norm 2.254011658093e+01
    1 SNES Function norm 4.529492519234e-04
    2 SNES Function norm 2.090027771587e-11
    0 SNES Function norm 2.090027771587e-11
    0 SNES Function norm 5.077948353876e+01
    1 SNES Function norm 3.906827718205e-03
    2 SNES Function norm 8.744371543187e-10
305 TS dt 0.01 time 3.04
    0 SNES Function norm 2.257775313767e+01
    1 SNES Function norm 4.012066336097e-04
    2 SNES Function norm 1.493698659919e-11
    0 SNES Function norm 1.493698659919e-11
    0 SNES Function norm 5.068353041239e+01
    1 SNES Function norm 3.487214993328e-03
    2 SNES Function norm 7.191915750457e-10
306 TS dt 0.01 time 3.05
    0 SNES Function norm 2.229029808275e+01
    1 SNES Function norm 3.640752492493e-04
    2 SNES Function norm 2.895906941506e-11
    0 SNES Function norm 2.895906941506e-11
    0 SNES Function norm 4.985199645117e+01
    1 SNES Function norm 3.190288485290e-03
    2 SNES Function norm 6.988961882238e-10
307 TS dt 0.01 time 3.06
    0 SNES Function norm 2.167453827981e+01
    1 SNES Function norm 3.380674937130e-04
    2 SNES Function norm 1.833044172586e-11
    0 SNES Function norm 1.833044172586e-11
    0 SNES Function norm 4.828522310997e+01
    1 SNES Function norm 2.979997047393e-03
    2 SNES Function norm 1.497128078148e-09
308 TS dt 0.01 time 3.07
    0 SNES Function norm 2.074024261915e+01
    1 SNES Function norm 3.186432543133e-04
    2 SNES Function norm 5.455805709349e-11
    0 SNES Function norm 5.455805709349e-11
    0 SNES Function norm 4.601203609355e+01
    1 SNES Function norm 2.815832751923e-03
    2 SNES Function norm 3.890158983016e-09
309 TS dt 0.01 time 3.08
    0 SNES Function norm 1.950917077815e+01
    1 SNES Function norm 3.018818888875e-04
    2 SNES Function norm 9.274139601578e-11
    0 SNES Function norm 9.274139601578e-11
    0 SNES Function norm 4.308795127862e+01
    1 SNES Function norm 2.667193182783e-03
    2 SNES Function norm 8.512646726645e-09
310 TS dt 0.01 time 3.09
    0 SNES Function norm 1.801491778033e+01
    1 SNES Function norm 2.856861636716e-04
    2 SNES Function norm 1.496495037053e-10
    0 SNES Function norm 1.496495037053e-10
    0 SNES Function norm 3.959538569657e+01
    1 SNES Function norm 2.521776049337e-03
    2 SNES Function norm 1.585419534131e-08
311 TS dt 0.01 time 3.1
    0 SNES Function norm 1.630394307203e+01
    1 SNES Function norm 2.701710444401e-04
    2 SNES Function norm 2.765723079384e-10
    0 SNES Function norm 2.765723079384e-10
    0 SNES Function norm 3.564687334081e+01
    1 SNES Function norm 2.386814323084e-03
    2 SNES Function norm 2.589857156785e-08
312 TS dt 0.01 time 3.11
    0 SNES Function norm 1.443863342627e+01
    1 SNES Function norm 2.573354133683e-04
    2 SNES Function norm 4.118101900512e-10
    0 SNES Function norm 4.118101900512e-10
    0 SNES Function norm 3.139361324481e+01
    1 SNES Function norm 2.284143285460e-03
    2 SNES Function norm 3.789379395348e-08
313 TS dt 0.01 time 3.12
    0 SNES Function norm 1.250420810051e+01
    1 SNES Function norm 2.500368878791e-04
    2 SNES Function norm 5.596249418385e-10
    0 SNES Function norm 5.596249418385e-10
    0 SNES Function norm 2.704416911795e+01
    1 SNES Function norm 2.238905335044e-03
    2 SNES Function norm 5.035047482024e-08
314 TS dt 0.01 time 3.13
    0 SNES Function norm 1.062277317513e+01
    1 SNES Function norm 2.503347888787e-04
    2 SNES Function norm 7.326992750460e-10
    0 SNES Function norm 7.326992750460e-10
    0 SNES Function norm 2.290148478423e+01
    1 SNES Function norm 2.263927681681e-03
    2 SNES Function norm 6.144783692700e-08
315 TS dt 0.01 time 3.14
    0 SNES Function norm 8.977563175149e+00
    1 SNES Function norm 2.579761163174e-04
    2 SNES Function norm 8.063307994695e-10
    0 SNES Function norm 8.063307994695e-10
    0 SNES Function norm 1.942152917765e+01
    1 SNES Function norm 2.349106243315e-03
    2 SNES Function norm 6.933488429276e-08
316 TS dt 0.01 time 3.15
    0 SNES Function norm 7.833283224156e+00
    1 SNES Function norm 2.702319195618e-04
    2 SNES Function norm 8.916760230879e-10
    0 SNES Function norm 8.916760230879e-10
    0 SNES Function norm 1.723678975137e+01
    1 SNES Function norm 2.464720547228e-03
    2 SNES Function norm 7.273320766730e-08
317 TS dt 0.01 time 3.16
    0 SNES Function norm 7.473548697704e+00
    1 SNES Function norm 2.831134185990e-04
    2 SNES Function norm 8.830744568258e-10
    0 SNES Function norm 8.830744568258e-10
    0 SNES Function norm 1.692680494131e+01
    1 SNES Function norm 2.574185120747e-03
    2 SNES Function norm 7.115063097479e-08
318 TS dt 0.01 time 3.17
    0 SNES Function norm 7.983976419910e+00
    1 SNES Function norm 2.927804805769e-04
    2 SNES Function norm 8.125936772171e-10
    0 SNES Function norm 8.125936772171e-10
    0 SNES Function norm 1.850509698791e+01
    1 SNES Function norm 2.645320036940e-03
    2 SNES Function norm 6.503090012375e-08
319 TS dt 0.01 time 3.18
    0 SNES Function norm 9.148817691891e+00
    1 SNES Function norm 2.963623398652e-04
    2 SNES Function norm 7.053931424008e-10
    0 SNES Function norm 7.053931424008e-10
    0 SNES Function norm 2.137725985547e+01
    1 SNES Function norm 2.655861997658e-03
    2 SNES Function norm 5.556327333298e-08
320 TS dt 0.01 time 3.19
    0 SNES Function norm 1.065528028098e+01
    1 SNES Function norm 2.922228065906e-04
    2 SNES Function norm 6.278419735511e-10
    0 SNES Function norm 6.278419735511e-10
    0 SNES Function norm 2.486262657243e+01
    1 SNES Function norm 2.594731288252e-03
    2 SNES Function norm 4.434703427712e-08
321 TS dt 0.01 time 3.2
    0 SNES Function norm 1.226355747736e+01
    1 SNES Function norm 2.799233025208e-04
    2 SNES Function norm 4.460681559947e-10
    0 SNES Function norm 4.460681559947e-10
    0 SNES Function norm 2.847561785536e+01
    1 SNES Function norm 2.461186274886e-03
    2 SNES Function norm 3.307921994004e-08
322 TS dt 0.01 time 3.21
    0 SNES Function norm 1.382068520858e+01
    1 SNES Function norm 2.600491456588e-04
    2 SNES Function norm 3.211859773068e-10
    0 SNES Function norm 3.211859773068e-10
    0 SNES Function norm 3.191035933330e+01
    1 SNES Function norm 2.263025755105e-03
    2 SNES Function norm 2.305827383857e-08
323 TS dt 0.01 time 3.22
    0 SNES Function norm 1.523038416889e+01
    1 SNES Function norm 2.339736290909e-04
    2 SNES Function norm 2.184999138991e-10
    0 SNES Function norm 2.184999138991e-10
    0 SNES Function norm 3.497300685542e+01
    1 SNES Function norm 2.014383705464e-03
    2 SNES Function norm 1.503474266522e-08
324 TS dt 0.01 time 3.23
    0 SNES Function norm 1.643018005419e+01
    1 SNES Function norm 2.036057524721e-04
    2 SNES Function norm 1.483296028239e-10
    0 SNES Function norm 1.483296028239e-10
    0 SNES Function norm 3.753694807324e+01
    1 SNES Function norm 1.733504212684e-03
    2 SNES Function norm 9.259962595562e-09
325 TS dt 0.01 time 3.24
    0 SNES Function norm 1.737895192148e+01
    1 SNES Function norm 1.711707054428e-04
    2 SNES Function norm 9.988226557593e-11
    0 SNES Function norm 9.988226557593e-11
    0 SNES Function norm 3.951907649452e+01
    1 SNES Function norm 1.441009844716e-03
    2 SNES Function norm 5.477766703901e-09
326 TS dt 0.01 time 3.25
    0 SNES Function norm 1.805054851845e+01
    1 SNES Function norm 1.391062838434e-04
    2 SNES Function norm 4.972478459160e-11
    0 SNES Function norm 4.972478459160e-11
    0 SNES Function norm 4.086762430468e+01
    1 SNES Function norm 1.159593470475e-03
    2 SNES Function norm 3.169208869175e-09
327 TS dt 0.01 time 3.26
    0 SNES Function norm 1.843045940623e+01
    1 SNES Function norm 1.102351745688e-04
    2 SNES Function norm 4.364188280972e-11
    0 SNES Function norm 4.364188280972e-11
    0 SNES Function norm 4.155575681232e+01
    1 SNES Function norm 9.168395077814e-04
    2 SNES Function norm 1.865073657885e-09
328 TS dt 0.01 time 3.27
    0 SNES Function norm 1.851400357414e+01
    1 SNES Function norm 8.840428851489e-05
    2 SNES Function norm 3.037667469998e-11
    0 SNES Function norm 3.037667469998e-11
    0 SNES Function norm 4.157804644973e+01
    1 SNES Function norm 7.519296218590e-04
    2 SNES Function norm 1.149594018249e-09
329 TS dt 0.01 time 3.28
    0 SNES Function norm 1.830530371069e+01
    1 SNES Function norm 7.884565835282e-05
    2 SNES Function norm 3.622034887917e-11
    0 SNES Function norm 3.622034887917e-11
    0 SNES Function norm 4.094846628196e+01
    1 SNES Function norm 7.117192993528e-04
    2 SNES Function norm 7.672038573176e-10
330 TS dt 0.01 time 3.29
    0 SNES Function norm 1.781671340391e+01
    1 SNES Function norm 8.479034362879e-05
    2 SNES Function norm 4.059689392990e-11
    0 SNES Function norm 4.059689392990e-11
    0 SNES Function norm 3.969929860774e+01
    1 SNES Function norm 8.075370923440e-04
    2 SNES Function norm 6.378914638224e-10
331 TS dt 0.01 time 3.3
    0 SNES Function norm 1.706857301766e+01
    1 SNES Function norm 1.031661622526e-04
    2 SNES Function norm 3.848438695184e-11
    0 SNES Function norm 3.848438695184e-11
    0 SNES Function norm 3.788076292054e+01
    1 SNES Function norm 9.986792774339e-04
    2 SNES Function norm 1.004680242678e-09
332 TS dt 0.01 time 3.31
    0 SNES Function norm 1.608930379738e+01
    1 SNES Function norm 1.287053902676e-04
    2 SNES Function norm 3.117067902673e-11
    0 SNES Function norm 3.117067902673e-11
    0 SNES Function norm 3.556145191177e+01
    1 SNES Function norm 1.241635216299e-03
    2 SNES Function norm 2.161787223276e-09
333 TS dt 0.01 time 3.32
    0 SNES Function norm 1.491597424318e+01
    1 SNES Function norm 1.578345852694e-04
    2 SNES Function norm 4.605107301310e-11
    0 SNES Function norm 4.605107301310e-11
    0 SNES Function norm 3.282995583045e+01
    1 SNES Function norm 1.509227977671e-03
    2 SNES Function norm 4.152644884117e-09
334 TS dt 0.01 time 3.33
    0 SNES Function norm 1.359563353102e+01
    1 SNES Function norm 1.882664960629e-04
    2 SNES Function norm 7.748342490357e-11
    0 SNES Function norm 7.748342490357e-11
    0 SNES Function norm 2.979844927722e+01
    1 SNES Function norm 1.782742386036e-03
    2 SNES Function norm 6.875054108873e-09
335 TS dt 0.01 time 3.34
    0 SNES Function norm 1.218792875773e+01
    1 SNES Function norm 2.181193722476e-04
    2 SNES Function norm 9.586789805808e-11
    0 SNES Function norm 9.586789805808e-11
    0 SNES Function norm 2.660953769293e+01
    1 SNES Function norm 2.045618427559e-03
    2 SNES Function norm 1.007383858119e-08
336 TS dt 0.01 time 3.35
    0 SNES Function norm 1.076972080949e+01
    1 SNES Function norm 2.455747518204e-04
    2 SNES Function norm 1.456994581609e-10
    0 SNES Function norm 1.456994581609e-10
    0 SNES Function norm 2.344796522005e+01
    1 SNES Function norm 2.281606531593e-03
    2 SNES Function norm 1.330786549611e-08
337 TS dt 0.01 time 3.36
    0 SNES Function norm 9.441982001099e+00
    1 SNES Function norm 2.688636219180e-04
    2 SNES Function norm 1.861798917895e-10
    0 SNES Function norm 1.861798917895e-10
    0 SNES Function norm 2.055688053744e+01
    1 SNES Function norm 2.475175459943e-03
    2 SNES Function norm 1.610090294103e-08
338 TS dt 0.01 time 3.37
    0 SNES Function norm 8.335855008667e+00
    1 SNES Function norm 2.863853053355e-04
    2 SNES Function norm 2.364633004682e-10
    0 SNES Function norm 2.364633004682e-10
    0 SNES Function norm 1.824742944774e+01
    1 SNES Function norm 2.612749226443e-03
    2 SNES Function norm 1.799040853779e-08
339 TS dt 0.01 time 3.38
    0 SNES Function norm 7.603706981810e+00
    1 SNES Function norm 2.968605499632e-04
    2 SNES Function norm 2.262820315782e-10
    0 SNES Function norm 2.262820315782e-10
    0 SNES Function norm 1.686097410587e+01
    1 SNES Function norm 2.684073891323e-03
    2 SNES Function norm 1.870819432836e-08
340 TS dt 0.01 time 3.39
    0 SNES Function norm 7.369133568584e+00
    1 SNES Function norm 2.994706162931e-04
    2 SNES Function norm 2.440752109183e-10
    0 SNES Function norm 2.440752109183e-10
    0 SNES Function norm 1.662999283867e+01
    1 SNES Function norm 2.683378617274e-03
    2 SNES Function norm 1.819797376290e-08
341 TS dt 0.01 time 3.4
    0 SNES Function norm 7.646806689084e+00
    1 SNES Function norm 2.939606940633e-04
    2 SNES Function norm 2.002768114760e-10
    0 SNES Function norm 2.002768114760e-10
    0 SNES Function norm 1.750981699619e+01
    1 SNES Function norm 2.610182418571e-03
    2 SNES Function norm 1.660935042898e-08
342 TS dt 0.01 time 3.41
    0 SNES Function norm 8.323435249671e+00
    1 SNES Function norm 2.807002383353e-04
    2 SNES Function norm 2.162476389719e-10
    0 SNES Function norm 2.162476389719e-10
    0 SNES Function norm 1.919587831858e+01
    1 SNES Function norm 2.469717458851e-03
    2 SNES Function norm 1.429246221763e-08
343 TS dt 0.01 time 3.42
    0 SNES Function norm 9.231452626072e+00
    1 SNES Function norm 2.607045259226e-04
    2 SNES Function norm 1.573127418265e-10
    0 SNES Function norm 1.573127418265e-10
    0 SNES Function norm 2.131097118436e+01
    1 SNES Function norm 2.273034973427e-03
    2 SNES Function norm 1.167460229600e-08
344 TS dt 0.01 time 3.43
    0 SNES Function norm 1.022144266241e+01
    1 SNES Function norm 2.356313796111e-04
    2 SNES Function norm 1.343307838069e-10
    0 SNES Function norm 1.343307838069e-10
    0 SNES Function norm 2.354073028121e+01
    1 SNES Function norm 2.036942723396e-03
    2 SNES Function norm 9.149537135375e-09
345 TS dt 0.01 time 3.44
    0 SNES Function norm 1.118407445483e+01
    1 SNES Function norm 2.077727301828e-04
    2 SNES Function norm 9.619527956199e-11
    0 SNES Function norm 9.619527956199e-11
    0 SNES Function norm 2.566082246799e+01
    1 SNES Function norm 1.783945930858e-03
    2 SNES Function norm 6.967546114096e-09
346 TS dt 0.01 time 3.45
    0 SNES Function norm 1.204466763435e+01
    1 SNES Function norm 1.800484626256e-04
    2 SNES Function norm 7.003376374452e-11
    0 SNES Function norm 7.003376374452e-11
    0 SNES Function norm 2.751913336976e+01
    1 SNES Function norm 1.542106410331e-03
    2 SNES Function norm 5.250056499800e-09
347 TS dt 0.01 time 3.46
    0 SNES Function norm 1.275329713827e+01
    1 SNES Function norm 1.559222305993e-04
    2 SNES Function norm 6.609914945148e-11
    0 SNES Function norm 6.609914945148e-11
    0 SNES Function norm 2.901438480868e+01
    1 SNES Function norm 1.343531204572e-03
    2 SNES Function norm 3.970753283644e-09
348 TS dt 0.01 time 3.47
    0 SNES Function norm 1.327735924450e+01
    1 SNES Function norm 1.389088393401e-04
    2 SNES Function norm 4.953127395170e-11
    0 SNES Function norm 4.953127395170e-11
    0 SNES Function norm 3.008112429893e+01
    1 SNES Function norm 1.217586108074e-03
    2 SNES Function norm 3.002146257009e-09
349 TS dt 0.01 time 3.48
    0 SNES Function norm 1.359690034562e+01
    1 SNES Function norm 1.311873005815e-04
    2 SNES Function norm 4.438259497172e-11
    0 SNES Function norm 4.438259497172e-11
    0 SNES Function norm 3.068045651043e+01
    1 SNES Function norm 1.176090147820e-03
    2 SNES Function norm 2.322807858857e-09
350 TS dt 0.01 time 3.49
    0 SNES Function norm 1.370180034369e+01
    1 SNES Function norm 1.319793029449e-04
    2 SNES Function norm 2.001462585714e-11
    0 SNES Function norm 2.001462585714e-11
    0 SNES Function norm 3.079446199140e+01
    1 SNES Function norm 1.202642118527e-03
    2 SNES Function norm 1.889712214479e-09
351 TS dt 0.01 time 3.5
    0 SNES Function norm 1.359007101334e+01
    1 SNES Function norm 1.378962078845e-04
    2 SNES Function norm 1.770437469401e-11
    0 SNES Function norm 1.770437469401e-11
    0 SNES Function norm 3.042282093521e+01
    1 SNES Function norm 1.263272800245e-03
    2 SNES Function norm 1.744207647059e-09
352 TS dt 0.01 time 3.51
    0 SNES Function norm 1.326683589879e+01
    1 SNES Function norm 1.451298903870e-04
    2 SNES Function norm 5.425332858183e-11
    0 SNES Function norm 5.425332858183e-11
    0 SNES Function norm 2.958081344232e+01
    1 SNES Function norm 1.326302340647e-03
    2 SNES Function norm 1.918363966259e-09
353 TS dt 0.01 time 3.52
    0 SNES Function norm 1.274378505507e+01
    1 SNES Function norm 1.509996204931e-04
    2 SNES Function norm 2.910988271305e-11
    0 SNES Function norm 2.910988271305e-11
    0 SNES Function norm 2.829833213959e+01
    1 SNES Function norm 1.371982589577e-03
    2 SNES Function norm 2.561016851505e-09
354 TS dt 0.01 time 3.53
    0 SNES Function norm 1.203906019408e+01
    1 SNES Function norm 1.542414430658e-04
    2 SNES Function norm 6.009720912132e-11
    0 SNES Function norm 6.009720912132e-11
    0 SNES Function norm 2.661988867068e+01
    1 SNES Function norm 1.392845897761e-03
    2 SNES Function norm 3.756878765553e-09
355 TS dt 0.01 time 3.54
    0 SNES Function norm 1.117767370224e+01
    1 SNES Function norm 1.547957735785e-04
    2 SNES Function norm 8.765936715101e-11
    0 SNES Function norm 8.765936715101e-11
    0 SNES Function norm 2.460593923617e+01
    1 SNES Function norm 1.391407072645e-03
    2 SNES Function norm 5.568864251357e-09
356 TS dt 0.01 time 3.55
    0 SNES Function norm 1.019275456075e+01
    1 SNES Function norm 1.535331923484e-04
    2 SNES Function norm 9.649360010242e-11
    0 SNES Function norm 9.649360010242e-11
    0 SNES Function norm 2.233632542221e+01
    1 SNES Function norm 1.377693054754e-03
    2 SNES Function norm 7.881885726765e-09
357 TS dt 0.01 time 3.56
    0 SNES Function norm 9.128205112186e+00
    1 SNES Function norm 1.519603637056e-04
    2 SNES Function norm 1.255569320031e-10
    0 SNES Function norm 1.255569320031e-10
    0 SNES Function norm 1.991735122495e+01
    1 SNES Function norm 1.366367354578e-03
    2 SNES Function norm 1.054749550463e-08
358 TS dt 0.01 time 3.57
    0 SNES Function norm 8.043743468308e+00
    1 SNES Function norm 1.518161185082e-04
    2 SNES Function norm 1.714003117086e-10
    0 SNES Function norm 1.714003117086e-10
    0 SNES Function norm 1.749487088447e+01
    1 SNES Function norm 1.372638752005e-03
    2 SNES Function norm 1.325641738916e-08
359 TS dt 0.01 time 3.58
    0 SNES Function norm 7.023314145276e+00
    1 SNES Function norm 1.545216090229e-04
    2 SNES Function norm 1.830564770986e-10
    0 SNES Function norm 1.830564770986e-10
    0 SNES Function norm 1.527497168430e+01
    1 SNES Function norm 1.407152770296e-03
    2 SNES Function norm 1.563261687695e-08
360 TS dt 0.01 time 3.59
    0 SNES Function norm 6.184827566658e+00
    1 SNES Function norm 1.606611803092e-04
    2 SNES Function norm 2.114008886389e-10
    0 SNES Function norm 2.114008886389e-10
    0 SNES Function norm 1.354312875305e+01
    1 SNES Function norm 1.472116904618e-03
    2 SNES Function norm 1.733653041262e-08
361 TS dt 0.01 time 3.6
    0 SNES Function norm 5.675910432481e+00
    1 SNES Function norm 1.698205727610e-04
    2 SNES Function norm 2.062951482301e-10
    0 SNES Function norm 2.062951482301e-10
    0 SNES Function norm 1.263515152827e+01
    1 SNES Function norm 1.561313810536e-03
    2 SNES Function norm 1.812463152304e-08
362 TS dt 0.01 time 3.61
    0 SNES Function norm 5.621579983468e+00
    1 SNES Function norm 1.808896131385e-04
    2 SNES Function norm 2.507438587665e-10
    0 SNES Function norm 2.507438587665e-10
    0 SNES Function norm 1.278635371215e+01
    1 SNES Function norm 1.663765802886e-03
    2 SNES Function norm 1.788857025520e-08
363 TS dt 0.01 time 3.62
    0 SNES Function norm 6.035171512606e+00
    1 SNES Function norm 1.925722647200e-04
    2 SNES Function norm 2.144838439166e-10
    0 SNES Function norm 2.144838439166e-10
    0 SNES Function norm 1.394795108408e+01
    1 SNES Function norm 1.768242736132e-03
    2 SNES Function norm 1.666423061824e-08
364 TS dt 0.01 time 3.63
    0 SNES Function norm 6.806633559570e+00
    1 SNES Function norm 2.038070033464e-04
    2 SNES Function norm 1.965219105310e-10
    0 SNES Function norm 1.965219105310e-10
    0 SNES Function norm 1.583066482949e+01
    1 SNES Function norm 1.866488687289e-03
    2 SNES Function norm 1.469032780565e-08
365 TS dt 0.01 time 3.64
    0 SNES Function norm 7.787502160142e+00
    1 SNES Function norm 2.140038253768e-04
    2 SNES Function norm 1.510666679239e-10
    0 SNES Function norm 1.510666679239e-10
    0 SNES Function norm 1.810745475076e+01
    1 SNES Function norm 1.954863403868e-03
    2 SNES Function norm 1.225480519870e-08
366 TS dt 0.01 time 3.65
    0 SNES Function norm 8.855214645152e+00
    1 SNES Function norm 2.231381599478e-04
    2 SNES Function norm 1.217061394766e-10
    0 SNES Function norm 1.217061394766e-10
    0 SNES Function norm 2.052410384464e+01
    1 SNES Function norm 2.034879154125e-03
    2 SNES Function norm 9.748499143827e-09
367 TS dt 0.01 time 3.66
    0 SNES Function norm 9.923707843507e+00
    1 SNES Function norm 2.317536958451e-04
    2 SNES Function norm 1.020900970007e-10
    0 SNES Function norm 1.020900970007e-10
    0 SNES Function norm 2.290471958034e+01
    1 SNES Function norm 2.113004800191e-03
    2 SNES Function norm 7.521666205979e-09
368 TS dt 0.01 time 3.67
    0 SNES Function norm 1.093415797703e+01
    1 SNES Function norm 2.408915945214e-04
    2 SNES Function norm 7.904306191459e-11
    0 SNES Function norm 7.904306191459e-11
    0 SNES Function norm 2.512872026525e+01
    1 SNES Function norm 2.199800049220e-03
    2 SNES Function norm 5.820101528923e-09
369 TS dt 0.01 time 3.68
    0 SNES Function norm 1.184556014546e+01
    1 SNES Function norm 2.519384130142e-04
    2 SNES Function norm 7.510303084353e-11
    0 SNES Function norm 7.510303084353e-11
    0 SNES Function norm 2.711150829093e+01
    1 SNES Function norm 2.308285146190e-03
    2 SNES Function norm 4.727207662176e-09
370 TS dt 0.01 time 3.69
    0 SNES Function norm 1.262869908373e+01
    1 SNES Function norm 2.663880659438e-04
    2 SNES Function norm 5.531096917805e-11
    0 SNES Function norm 5.531096917805e-11
    0 SNES Function norm 2.879262106610e+01
    1 SNES Function norm 2.451602774730e-03
    2 SNES Function norm 4.103581612727e-09
371 TS dt 0.01 time 3.7
    0 SNES Function norm 1.326269696208e+01
    1 SNES Function norm 2.855560303553e-04
    2 SNES Function norm 5.133591212794e-11
    0 SNES Function norm 5.133591212794e-11
    0 SNES Function norm 3.012901068058e+01
    1 SNES Function norm 2.640477345878e-03
    2 SNES Function norm 3.709388064800e-09
372 TS dt 0.01 time 3.71
    0 SNES Function norm 1.373307004446e+01
    1 SNES Function norm 3.103340129306e-04
    2 SNES Function norm 5.683065970167e-11
    0 SNES Function norm 5.683065970167e-11
    0 SNES Function norm 3.109124961234e+01
    1 SNES Function norm 2.881341291175e-03
    2 SNES Function norm 3.396319857421e-09
373 TS dt 0.01 time 3.72
    0 SNES Function norm 1.403061035351e+01
    1 SNES Function norm 3.410747584258e-04
    2 SNES Function norm 4.345964279221e-11
    0 SNES Function norm 4.345964279221e-11
    0 SNES Function norm 3.166132624397e+01
    1 SNES Function norm 3.175766910144e-03
    2 SNES Function norm 3.115032830545e-09
374 TS dt 0.01 time 3.73
    0 SNES Function norm 1.415071201713e+01
    1 SNES Function norm 3.776247070056e-04
    2 SNES Function norm 3.929019841795e-11
    0 SNES Function norm 3.929019841795e-11
    0 SNES Function norm 3.183129739859e+01
    1 SNES Function norm 3.521098057223e-03
    2 SNES Function norm 2.869332617648e-09
375 TS dt 0.01 time 3.74
    0 SNES Function norm 1.409293847100e+01
    1 SNES Function norm 4.194445708006e-04
    2 SNES Function norm 5.094833002138e-11
    0 SNES Function norm 5.094833002138e-11
    0 SNES Function norm 3.160240663729e+01
    1 SNES Function norm 3.911624025462e-03
    2 SNES Function norm 2.669670491130e-09
376 TS dt 0.01 time 3.75
    0 SNES Function norm 1.386072289179e+01
    1 SNES Function norm 4.657402476668e-04
    2 SNES Function norm 4.194337479896e-11
    0 SNES Function norm 4.194337479896e-11
    0 SNES Function norm 3.098446289342e+01
    1 SNES Function norm 4.339675517556e-03
    2 SNES Function norm 2.522825268801e-09
377 TS dt 0.01 time 3.76
    0 SNES Function norm 1.346114756523e+01
    1 SNES Function norm 5.155608367163e-04
    2 SNES Function norm 3.776897141022e-11
    0 SNES Function norm 3.776897141022e-11
    0 SNES Function norm 2.999537861820e+01
    1 SNES Function norm 4.796382099037e-03
    2 SNES Function norm 2.436875051929e-09
378 TS dt 0.01 time 3.77
    0 SNES Function norm 1.290478040466e+01
    1 SNES Function norm 5.678587106000e-04
    2 SNES Function norm 4.334439118450e-11
    0 SNES Function norm 4.334439118450e-11
    0 SNES Function norm 2.866083308427e+01
    1 SNES Function norm 5.272122831123e-03
    2 SNES Function norm 2.422330162779e-09
379 TS dt 0.01 time 3.78
    0 SNES Function norm 1.220557155728e+01
    1 SNES Function norm 6.215253363608e-04
    2 SNES Function norm 3.815024781901e-11
    0 SNES Function norm 3.815024781901e-11
    0 SNES Function norm 2.701408112314e+01
    1 SNES Function norm 5.756808967624e-03
    2 SNES Function norm 2.493066446835e-09
380 TS dt 0.01 time 3.79
    0 SNES Function norm 1.138083945104e+01
    1 SNES Function norm 6.754183012411e-04
    2 SNES Function norm 3.597037470548e-11
    0 SNES Function norm 3.597037470548e-11
    0 SNES Function norm 2.509599121843e+01
    1 SNES Function norm 6.240124566306e-03
    2 SNES Function norm 2.670154023465e-09
381 TS dt 0.01 time 3.8
    0 SNES Function norm 1.045141396371e+01
    1 SNES Function norm 7.283898356451e-04
    2 SNES Function norm 4.007782079143e-11
    0 SNES Function norm 4.007782079143e-11
    0 SNES Function norm 2.295549441752e+01
    1 SNES Function norm 6.711799060562e-03
    2 SNES Function norm 2.990260044290e-09
382 TS dt 0.01 time 3.81
    0 SNES Function norm 9.442070135974e+00
    1 SNES Function norm 7.793213084097e-04
    2 SNES Function norm 4.459716147365e-11
    0 SNES Function norm 4.459716147365e-11
    0 SNES Function norm 2.065079661807e+01
    1 SNES Function norm 7.161936626244e-03
    2 SNES Function norm 3.456191119921e-09
383 TS dt 0.01 time 3.82
    0 SNES Function norm 8.382505249132e+00
    1 SNES Function norm 8.271636227247e-04
    2 SNES Function norm 5.963156787573e-11
    0 SNES Function norm 5.963156787573e-11
    0 SNES Function norm 1.825201777572e+01
    1 SNES Function norm 7.581392560563e-03
    2 SNES Function norm 4.055549512927e-09
384 TS dt 0.01 time 3.83
    0 SNES Function norm 7.309321974145e+00
    1 SNES Function norm 8.709807941883e-04
    2 SNES Function norm 5.740201785365e-11
    0 SNES Function norm 5.740201785365e-11
    0 SNES Function norm 1.584645252740e+01
    1 SNES Function norm 7.962166395483e-03
    2 SNES Function norm 4.706121378773e-09
385 TS dt 0.01 time 3.84
    0 SNES Function norm 6.269773738172e+00
    1 SNES Function norm 9.099924577683e-04
    2 SNES Function norm 7.444121728239e-11
    0 SNES Function norm 7.444121728239e-11
    0 SNES Function norm 1.354828558333e+01
    1 SNES Function norm 8.297771997951e-03
    2 SNES Function norm 5.348763040541e-09
386 TS dt 0.01 time 3.85
    0 SNES Function norm 5.328000306508e+00
    1 SNES Function norm 9.436106833179e-04
    2 SNES Function norm 8.106077612258e-11
    0 SNES Function norm 8.106077612258e-11
    0 SNES Function norm 1.151385295634e+01
    1 SNES Function norm 8.583543676625e-03
    2 SNES Function norm 5.897862194738e-09
387 TS dt 0.01 time 3.86
    0 SNES Function norm 4.571862876550e+00
    1 SNES Function norm 9.714668825262e-04
    2 SNES Function norm 8.897733131008e-11
    0 SNES Function norm 8.897733131008e-11
    0 SNES Function norm 9.954301771252e+00
    1 SNES Function norm 8.816841851916e-03
    2 SNES Function norm 6.310531869687e-09
388 TS dt 0.01 time 3.87
    0 SNES Function norm 4.107057047550e+00
    1 SNES Function norm 9.934253277373e-04
    2 SNES Function norm 9.294938969156e-11
    0 SNES Function norm 9.294938969156e-11
    0 SNES Function norm 9.105435120770e+00
    1 SNES Function norm 8.997131075957e-03
    2 SNES Function norm 6.563556360689e-09
389 TS dt 0.01 time 3.88
    0 SNES Function norm 4.010675044611e+00
    1 SNES Function norm 1.009581183085e-03
    2 SNES Function norm 8.815186791519e-11
    0 SNES Function norm 8.815186791519e-11
    0 SNES Function norm 9.097687409963e+00
    1 SNES Function norm 9.125915456470e-03
    2 SNES Function norm 6.660227478179e-09
390 TS dt 0.01 time 3.89
    0 SNES Function norm 4.262276576761e+00
    1 SNES Function norm 1.020242449126e-03
    2 SNES Function norm 8.896159915757e-11
    0 SNES Function norm 8.896159915757e-11
    0 SNES Function norm 9.823242001447e+00
    1 SNES Function norm 9.206530811576e-03
    2 SNES Function norm 6.619561096094e-09
391 TS dt 0.01 time 3.9
    0 SNES Function norm 4.751334974542e+00
    1 SNES Function norm 1.025896906729e-03
    2 SNES Function norm 8.387014244138e-11
    0 SNES Function norm 8.387014244138e-11
    0 SNES Function norm 1.101015469992e+01
    1 SNES Function norm 9.243808017874e-03
    2 SNES Function norm 6.453973937333e-09
392 TS dt 0.01 time 3.91
    0 SNES Function norm 5.354370085672e+00
    1 SNES Function norm 1.027166741311e-03
    2 SNES Function norm 8.251479193222e-11
    0 SNES Function norm 8.251479193222e-11
    0 SNES Function norm 1.239427663414e+01
    1 SNES Function norm 9.243636587877e-03
    2 SNES Function norm 6.191310935925e-09
393 TS dt 0.01 time 3.92
    0 SNES Function norm 5.979529719325e+00
    1 SNES Function norm 1.024755067268e-03
    2 SNES Function norm 8.043519777443e-11
    0 SNES Function norm 8.043519777443e-11
    0 SNES Function norm 1.378911704847e+01
    1 SNES Function norm 9.212469764055e-03
    2 SNES Function norm 5.843485969043e-09
394 TS dt 0.01 time 3.93
    0 SNES Function norm 6.567610169243e+00
    1 SNES Function norm 1.019389619694e-03
    2 SNES Function norm 8.042643648460e-11
    0 SNES Function norm 8.042643648460e-11
    0 SNES Function norm 1.507617300326e+01
    1 SNES Function norm 9.156821116376e-03
    2 SNES Function norm 5.434067598004e-09
395 TS dt 0.01 time 3.94
    0 SNES Function norm 7.081695068278e+00
    1 SNES Function norm 1.011769485117e-03
    2 SNES Function norm 7.190009946827e-11
    0 SNES Function norm 7.190009946827e-11
    0 SNES Function norm 1.618168256255e+01
    1 SNES Function norm 9.082805166130e-03
    2 SNES Function norm 4.987811302043e-09
396 TS dt 0.01 time 3.95
    0 SNES Function norm 7.498934339754e+00
    1 SNES Function norm 1.002520416169e-03
    2 SNES Function norm 6.323950386175e-11
    0 SNES Function norm 6.323950386175e-11
    0 SNES Function norm 1.706017754468e+01
    1 SNES Function norm 8.995770045985e-03
    2 SNES Function norm 4.531216085188e-09
397 TS dt 0.01 time 3.96
    0 SNES Function norm 7.805660561545e+00
    1 SNES Function norm 9.921632278679e-04
    2 SNES Function norm 6.129916022545e-11
    0 SNES Function norm 6.129916022545e-11
    0 SNES Function norm 1.768496631495e+01
    1 SNES Function norm 8.900057779233e-03
    2 SNES Function norm 4.091421941258e-09
398 TS dt 0.01 time 3.97
    0 SNES Function norm 7.994659340680e+00
    1 SNES Function norm 9.810979161816e-04
    2 SNES Function norm 5.692396303620e-11
    0 SNES Function norm 5.692396303620e-11
    0 SNES Function norm 1.804282119123e+01
    1 SNES Function norm 8.798908678594e-03
    2 SNES Function norm 3.691351173622e-09
399 TS dt 0.01 time 3.98
    0 SNES Function norm 8.063627675044e+00
    1 SNES Function norm 9.696036216509e-04
    2 SNES Function norm 4.695320539344e-11
    0 SNES Function norm 4.695320539344e-11
    0 SNES Function norm 1.813095525865e+01
    1 SNES Function norm 8.694504252326e-03
    2 SNES Function norm 3.346910725938e-09
400 TS dt 0.01 time 3.99
    0 SNES Function norm 8.014273442537e+00
    1 SNES Function norm 9.578522691977e-04
    2 SNES Function norm 4.276838322971e-11
    0 SNES Function norm 4.276838322971e-11
    0 SNES Function norm 1.795524144514e+01
    1 SNES Function norm 8.588122304845e-03
    2 SNES Function norm 3.067522931896e-09
401 TS dt 0.01 time 4.
    0 SNES Function norm 7.851776247431e+00
    1 SNES Function norm 9.459317457310e-04
    2 SNES Function norm 4.506916374352e-11
    0 SNES Function norm 4.506916374352e-11
    0 SNES Function norm 1.752914677721e+01
    1 SNES Function norm 8.480363549840e-03
    2 SNES Function norm 2.854547360972e-09
402 TS dt 0.01 time 4.01
    0 SNES Function norm 7.584477318191e+00
    1 SNES Function norm 9.338736074368e-04
    2 SNES Function norm 3.902792989341e-11
    0 SNES Function norm 3.902792989341e-11
    0 SNES Function norm 1.687314071500e+01
    1 SNES Function norm 8.371403879046e-03
    2 SNES Function norm 2.705576926801e-09
403 TS dt 0.01 time 4.02
    0 SNES Function norm 7.223750169652e+00
    1 SNES Function norm 9.216804049129e-04
    2 SNES Function norm 3.784584115720e-11
    0 SNES Function norm 3.784584115720e-11
    0 SNES Function norm 1.601450398135e+01
    1 SNES Function norm 8.261230697054e-03
    2 SNES Function norm 2.615386755566e-09
404 TS dt 0.01 time 4.03
    0 SNES Function norm 6.784059732455e+00
    1 SNES Function norm 9.093488085194e-04
    2 SNES Function norm 5.130108621454e-11
    0 SNES Function norm 5.130108621454e-11
    0 SNES Function norm 1.498758228850e+01
    1 SNES Function norm 8.149833168855e-03
    2 SNES Function norm 2.576314484330e-09
405 TS dt 0.01 time 4.04
    0 SNES Function norm 6.283264562618e+00
    1 SNES Function norm 8.968862543864e-04
    2 SNES Function norm 3.876456097502e-11
    0 SNES Function norm 3.876456097502e-11
    0 SNES Function norm 1.383463278080e+01
    1 SNES Function norm 8.037331011408e-03
    2 SNES Function norm 2.588585659746e-09
406 TS dt 0.01 time 4.05
    0 SNES Function norm 5.743258795029e+00
    1 SNES Function norm 8.843204945633e-04
    2 SNES Function norm 3.930342775597e-11
    0 SNES Function norm 3.930342775597e-11
    0 SNES Function norm 1.260749770282e+01
    1 SNES Function norm 7.924040836113e-03
    2 SNES Function norm 2.634405084212e-09
407 TS dt 0.01 time 4.06
    0 SNES Function norm 5.191060417948e+00
    1 SNES Function norm 8.717028529969e-04
    2 SNES Function norm 3.659021508416e-11
    0 SNES Function norm 3.659021508416e-11
    0 SNES Function norm 1.137031477985e+01
    1 SNES Function norm 7.810490079459e-03
    2 SNES Function norm 2.710137470683e-09
408 TS dt 0.01 time 4.07
    0 SNES Function norm 4.660309081067e+00
    1 SNES Function norm 8.591067986943e-04
    2 SNES Function norm 3.687338436826e-11
    0 SNES Function norm 3.687338436826e-11
    0 SNES Function norm 1.020296963048e+01
    1 SNES Function norm 7.697394732060e-03
    2 SNES Function norm 2.791766422989e-09
409 TS dt 0.01 time 4.08
    0 SNES Function norm 4.192488177771e+00
    1 SNES Function norm 8.466238166137e-04
    2 SNES Function norm 3.801457803449e-11
    0 SNES Function norm 3.801457803449e-11
    0 SNES Function norm 9.203046400289e+00
    1 SNES Function norm 7.585618228967e-03
    2 SNES Function norm 2.855969846598e-09
410 TS dt 0.01 time 4.09
    0 SNES Function norm 3.835448031028e+00
    1 SNES Function norm 8.343583242359e-04
    2 SNES Function norm 4.256858327659e-11
    0 SNES Function norm 4.256858327659e-11
    0 SNES Function norm 8.479455536453e+00
    1 SNES Function norm 7.476125852258e-03
    2 SNES Function norm 2.880981657518e-09
411 TS dt 0.01 time 4.1
    0 SNES Function norm 3.634579794320e+00
    1 SNES Function norm 8.224228258030e-04
    2 SNES Function norm 4.329006802916e-11
    0 SNES Function norm 4.329006802916e-11
    0 SNES Function norm 8.127047018030e+00
    1 SNES Function norm 7.369943398190e-03
    2 SNES Function norm 2.854089056536e-09
412 TS dt 0.01 time 4.11
    0 SNES Function norm 3.614915774901e+00
    1 SNES Function norm 8.109338220464e-04
    2 SNES Function norm 4.763535111971e-11
    0 SNES Function norm 4.763535111971e-11
    0 SNES Function norm 8.184045869334e+00
    1 SNES Function norm 7.268122594099e-03
    2 SNES Function norm 2.775683059699e-09
413 TS dt 0.01 time 4.12
    0 SNES Function norm 3.765954111047e+00
    1 SNES Function norm 8.000083406549e-04
    2 SNES Function norm 3.396699130634e-11
    0 SNES Function norm 3.396699130634e-11
    0 SNES Function norm 8.606555662433e+00
    1 SNES Function norm 7.171710536749e-03
    2 SNES Function norm 2.658744479807e-09
414 TS dt 0.01 time 4.13
    0 SNES Function norm 4.046336132875e+00
    1 SNES Function norm 7.897605075704e-04
    2 SNES Function norm 3.325531521214e-11
    0 SNES Function norm 3.325531521214e-11
    0 SNES Function norm 9.290981293876e+00
    1 SNES Function norm 7.081717559812e-03
    2 SNES Function norm 2.518213771439e-09
415 TS dt 0.01 time 4.14
    0 SNES Function norm 4.403683853249e+00
    1 SNES Function norm 7.802975194755e-04
    2 SNES Function norm 4.321979598056e-11
    0 SNES Function norm 4.321979598056e-11
    0 SNES Function norm 1.011999603333e+01
    1 SNES Function norm 6.999077899059e-03
    2 SNES Function norm 2.371579026178e-09
416 TS dt 0.01 time 4.15
    0 SNES Function norm 4.790598839908e+00
    1 SNES Function norm 7.717145382513e-04
    2 SNES Function norm 3.981476645015e-11
    0 SNES Function norm 3.981476645015e-11
    0 SNES Function norm 1.099253016879e+01
    1 SNES Function norm 6.924600074508e-03
    2 SNES Function norm 2.231113188732e-09
417 TS dt 0.01 time 4.16
    0 SNES Function norm 5.170167355609e+00
    1 SNES Function norm 7.640884435508e-04
    2 SNES Function norm 3.225226966372e-11
    0 SNES Function norm 3.225226966372e-11
    0 SNES Function norm 1.183152818067e+01
    1 SNES Function norm 6.858907904829e-03
    2 SNES Function norm 2.104893216170e-09
418 TS dt 0.01 time 4.17
    0 SNES Function norm 5.515398564731e+00
    1 SNES Function norm 7.574708789709e-04
    2 SNES Function norm 4.524138710696e-11
    0 SNES Function norm 4.524138710696e-11
    0 SNES Function norm 1.258112046516e+01
    1 SNES Function norm 6.802377362183e-03
    2 SNES Function norm 1.999768604778e-09
419 TS dt 0.01 time 4.18
    0 SNES Function norm 5.807076772682e+00
    1 SNES Function norm 7.518814198650e-04
    2 SNES Function norm 4.181859285841e-11
    0 SNES Function norm 4.181859285841e-11
    0 SNES Function norm 1.320172706644e+01
    1 SNES Function norm 6.755077529305e-03
    2 SNES Function norm 1.915732501788e-09
420 TS dt 0.01 time 4.19
    0 SNES Function norm 6.031831252774e+00
    1 SNES Function norm 7.473018884793e-04
    2 SNES Function norm 3.376135843446e-11
    0 SNES Function norm 3.376135843446e-11
    0 SNES Function norm 1.366602813934e+01
    1 SNES Function norm 6.716725005706e-03
    2 SNES Function norm 1.852698133383e-09
421 TS dt 0.01 time 4.2
    0 SNES Function norm 6.180770786237e+00
    1 SNES Function norm 7.436727992105e-04
    2 SNES Function norm 3.301481648009e-11
    0 SNES Function norm 3.301481648009e-11
    0 SNES Function norm 1.395619133692e+01
    1 SNES Function norm 6.686659813819e-03
    2 SNES Function norm 1.810093111193e-09
422 TS dt 0.01 time 4.21
    0 SNES Function norm 6.248590659590e+00
    1 SNES Function norm 7.408926105516e-04
    2 SNES Function norm 4.059881585213e-11
    0 SNES Function norm 4.059881585213e-11
    0 SNES Function norm 1.406207477658e+01
    1 SNES Function norm 6.663847739050e-03
    2 SNES Function norm 1.789108183897e-09
423 TS dt 0.01 time 4.22
    0 SNES Function norm 6.233003038839e+00
    1 SNES Function norm 7.388200407532e-04
    2 SNES Function norm 3.531976585788e-11
    0 SNES Function norm 3.531976585788e-11
    0 SNES Function norm 1.398008414379e+01
    1 SNES Function norm 6.646909965887e-03
    2 SNES Function norm 1.790305708924e-09
424 TS dt 0.01 time 4.23
    0 SNES Function norm 6.134378846373e+00
    1 SNES Function norm 7.372792384453e-04
    2 SNES Function norm 3.096470488746e-11
    0 SNES Function norm 3.096470488746e-11
    0 SNES Function norm 1.371245911833e+01
    1 SNES Function norm 6.634177028795e-03
    2 SNES Function norm 1.813442494713e-09
425 TS dt 0.01 time 4.24
    0 SNES Function norm 5.955534774196e+00
    1 SNES Function norm 7.360672653314e-04
    2 SNES Function norm 4.335992311114e-11
    0 SNES Function norm 4.335992311114e-11
    0 SNES Function norm 1.326686290805e+01
    1 SNES Function norm 6.623761367883e-03
    2 SNES Function norm 1.858623092641e-09
426 TS dt 0.01 time 4.25
    0 SNES Function norm 5.701636986196e+00
    1 SNES Function norm 7.349631368523e-04
    2 SNES Function norm 3.233049485807e-11
    0 SNES Function norm 3.233049485807e-11
    0 SNES Function norm 1.265623007232e+01
    1 SNES Function norm 6.613641620098e-03
    2 SNES Function norm 1.923625015589e-09
427 TS dt 0.01 time 4.26
    0 SNES Function norm 5.380226504029e+00
    1 SNES Function norm 7.337376567414e-04
    2 SNES Function norm 3.005984157015e-11
    0 SNES Function norm 3.005984157015e-11
    0 SNES Function norm 1.189890305640e+01
    1 SNES Function norm 6.601752040667e-03
    2 SNES Function norm 2.008269572769e-09
428 TS dt 0.01 time 4.27
    0 SNES Function norm 5.001408163297e+00
    1 SNES Function norm 7.321634124872e-04
    2 SNES Function norm 3.467367612012e-11
    0 SNES Function norm 3.467367612012e-11
    0 SNES Function norm 1.101917605356e+01
    1 SNES Function norm 6.586071685066e-03
    2 SNES Function norm 2.108407157296e-09
429 TS dt 0.01 time 4.28
    0 SNES Function norm 4.578295108052e+00
    1 SNES Function norm 7.300244224951e-04
    2 SNES Function norm 3.978128215371e-11
    0 SNES Function norm 3.978128215371e-11
    0 SNES Function norm 1.004848810405e+01
    1 SNES Function norm 6.564709496002e-03
    2 SNES Function norm 2.219600906599e-09
430 TS dt 0.01 time 4.29
    0 SNES Function norm 4.127871623996e+00
    1 SNES Function norm 7.271251198201e-04
    2 SNES Function norm 3.069937876548e-11
    0 SNES Function norm 3.069937876548e-11
    0 SNES Function norm 9.027676454830e+00
    1 SNES Function norm 6.535982719016e-03
    2 SNES Function norm 2.339318349489e-09
431 TS dt 0.01 time 4.3
    0 SNES Function norm 3.672509734284e+00
    1 SNES Function norm 7.232984487531e-04
    2 SNES Function norm 4.488396047645e-11
    0 SNES Function norm 4.488396047645e-11
    0 SNES Function norm 8.010833652387e+00
    1 SNES Function norm 6.498486780281e-03
    2 SNES Function norm 2.458419975946e-09
432 TS dt 0.01 time 4.31
    0 SNES Function norm 3.242296025585e+00
    1 SNES Function norm 7.184128851595e-04
    2 SNES Function norm 4.611156638854e-11
    0 SNES Function norm 4.611156638854e-11
    0 SNES Function norm 7.070896678045e+00
    1 SNES Function norm 6.451154871054e-03
    2 SNES Function norm 2.569756863536e-09
433 TS dt 0.01 time 4.32
    0 SNES Function norm 2.877471155754e+00
    1 SNES Function norm 7.123781514386e-04
    2 SNES Function norm 4.282696728486e-11
    0 SNES Function norm 4.282696728486e-11
    0 SNES Function norm 6.304286647963e+00
    1 SNES Function norm 6.393305184583e-03
    2 SNES Function norm 2.666198319274e-09
434 TS dt 0.01 time 4.33
    0 SNES Function norm 2.627235155727e+00
    1 SNES Function norm 7.051493883990e-04
    2 SNES Function norm 4.443235945660e-11
    0 SNES Function norm 4.443235945660e-11
    0 SNES Function norm 5.823495878901e+00
    1 SNES Function norm 6.324673319643e-03
    2 SNES Function norm 2.739863241525e-09
435 TS dt 0.01 time 4.34
    0 SNES Function norm 2.536780358295e+00
    1 SNES Function norm 6.967294711984e-04
    2 SNES Function norm 4.457303203083e-11
    0 SNES Function norm 4.457303203083e-11
    0 SNES Function norm 5.719170310609e+00
    1 SNES Function norm 6.245427147921e-03
    2 SNES Function norm 2.783941731748e-09
436 TS dt 0.01 time 4.35
    0 SNES Function norm 2.621878912960e+00
    1 SNES Function norm 6.871691964222e-04
    2 SNES Function norm 4.354011789502e-11
    0 SNES Function norm 4.354011789502e-11
    0 SNES Function norm 6.002988605638e+00
    1 SNES Function norm 6.156161632081e-03
    2 SNES Function norm 2.794901085827e-09
437 TS dt 0.01 time 4.36
    0 SNES Function norm 2.856202010168e+00
    1 SNES Function norm 6.765650801989e-04
    2 SNES Function norm 4.548933926365e-11
    0 SNES Function norm 4.548933926365e-11
    0 SNES Function norm 6.596588563372e+00
    1 SNES Function norm 6.057871924499e-03
    2 SNES Function norm 2.770581634084e-09
438 TS dt 0.01 time 4.37
    0 SNES Function norm 3.189581630633e+00
    1 SNES Function norm 6.650547237838e-04
    2 SNES Function norm 3.637320997303e-11
    0 SNES Function norm 3.637320997303e-11
    0 SNES Function norm 7.383622035570e+00
    1 SNES Function norm 5.951904406557e-03
    2 SNES Function norm 2.714008947437e-09
439 TS dt 0.01 time 4.38
    0 SNES Function norm 3.572932899084e+00
    1 SNES Function norm 6.528098097283e-04
    2 SNES Function norm 4.449230719555e-11
    0 SNES Function norm 4.449230719555e-11
    0 SNES Function norm 8.259285250725e+00
    1 SNES Function norm 5.839887245075e-03
    2 SNES Function norm 2.625065990218e-09
440 TS dt 0.01 time 4.39
    0 SNES Function norm 3.968530404597e+00
    1 SNES Function norm 6.400270578426e-04
    2 SNES Function norm 4.189861627664e-11
    0 SNES Function norm 4.189861627664e-11
    0 SNES Function norm 9.145463592234e+00
    1 SNES Function norm 5.723644089714e-03
    2 SNES Function norm 2.509218935668e-09
441 TS dt 0.01 time 4.4
    0 SNES Function norm 4.349677079430e+00
    1 SNES Function norm 6.269177319843e-04
    2 SNES Function norm 3.820248762163e-11
    0 SNES Function norm 3.820248762163e-11
    0 SNES Function norm 9.987281480591e+00
    1 SNES Function norm 5.605096630885e-03
    2 SNES Function norm 2.371771158535e-09
442 TS dt 0.01 time 4.41
    0 SNES Function norm 4.697750998374e+00
    1 SNES Function norm 6.136964191809e-04
    2 SNES Function norm 3.158922371975e-11
    0 SNES Function norm 3.158922371975e-11
    0 SNES Function norm 1.074643441238e+01
    1 SNES Function norm 5.486163352840e-03
    2 SNES Function norm 2.219431340028e-09
443 TS dt 0.01 time 4.42
    0 SNES Function norm 4.999715272134e+00
    1 SNES Function norm 6.005700095197e-04
    2 SNES Function norm 4.511691836983e-11
    0 SNES Function norm 4.511691836983e-11
    0 SNES Function norm 1.139610001143e+01
    1 SNES Function norm 5.368662749432e-03
    2 SNES Function norm 2.058769435787e-09
444 TS dt 0.01 time 4.43
    0 SNES Function norm 5.246502714202e+00
    1 SNES Function norm 5.877277819361e-04
    2 SNES Function norm 3.558460603351e-11
    0 SNES Function norm 3.558460603351e-11
    0 SNES Function norm 1.191772696046e+01
    1 SNES Function norm 5.254229181565e-03
    2 SNES Function norm 1.895969458946e-09
445 TS dt 0.01 time 4.44
    0 SNES Function norm 5.432042013309e+00
    1 SNES Function norm 5.753334441220e-04
    2 SNES Function norm 2.903614653978e-11
    0 SNES Function norm 2.903614653978e-11
    0 SNES Function norm 1.229911081650e+01
    1 SNES Function norm 5.144248280243e-03
    2 SNES Function norm 1.737452763687e-09
446 TS dt 0.01 time 4.45
    0 SNES Function norm 5.552676252461e+00
    1 SNES Function norm 5.635197112083e-04
    2 SNES Function norm 3.690695660473e-11
    0 SNES Function norm 3.690695660473e-11
    0 SNES Function norm 1.253324184724e+01
    1 SNES Function norm 5.039816461226e-03
    2 SNES Function norm 1.586810618876e-09
447 TS dt 0.01 time 4.46
    0 SNES Function norm 5.606809741480e+00
    1 SNES Function norm 5.523857163465e-04
    2 SNES Function norm 3.353628212659e-11
    0 SNES Function norm 3.353628212659e-11
    0 SNES Function norm 1.261760093766e+01
    1 SNES Function norm 4.941725997244e-03
    2 SNES Function norm 1.447559551648e-09
448 TS dt 0.01 time 4.47
    0 SNES Function norm 5.594688421619e+00
    1 SNES Function norm 5.419971691682e-04
    2 SNES Function norm 2.958985367933e-11
    0 SNES Function norm 2.958985367933e-11
    0 SNES Function norm 1.255371993041e+01
    1 SNES Function norm 4.850473771802e-03
    2 SNES Function norm 1.321626191881e-09
449 TS dt 0.01 time 4.48
    0 SNES Function norm 5.518262887945e+00
    1 SNES Function norm 5.323888169645e-04
    2 SNES Function norm 3.700638700391e-11
    0 SNES Function norm 3.700638700391e-11
    0 SNES Function norm 1.234690960243e+01
    1 SNES Function norm 4.766288950992e-03
    2 SNES Function norm 1.209209568231e-09
450 TS dt 0.01 time 4.49
    0 SNES Function norm 5.381109699984e+00
    1 SNES Function norm 5.235685339606e-04
    2 SNES Function norm 3.353175717577e-11
    0 SNES Function norm 3.353175717577e-11
    0 SNES Function norm 1.200611165315e+01
    1 SNES Function norm 4.689172988139e-03
    2 SNES Function norm 1.110238973563e-09
451 TS dt 0.01 time 4.5
    0 SNES Function norm 5.188403822397e+00
    1 SNES Function norm 5.155222554129e-04
    2 SNES Function norm 3.033170718208e-11
    0 SNES Function norm 3.033170718208e-11
    0 SNES Function norm 1.154386632973e+01
    1 SNES Function norm 4.618944923624e-03
    2 SNES Function norm 1.023948427832e-09
452 TS dt 0.01 time 4.51
    0 SNES Function norm 4.946947674089e+00
    1 SNES Function norm 5.082190195295e-04
    2 SNES Function norm 3.646295870219e-11
    0 SNES Function norm 3.646295870219e-11
    0 SNES Function norm 1.097641424714e+01
    1 SNES Function norm 4.555285878473e-03
    2 SNES Function norm 9.493079828357e-10
453 TS dt 0.01 time 4.52
    0 SNES Function norm 4.665272861728e+00
    1 SNES Function norm 5.016155822746e-04
    2 SNES Function norm 1.796275310328e-11
    0 SNES Function norm 1.796275310328e-11
    0 SNES Function norm 1.032397382376e+01
    1 SNES Function norm 4.497778568442e-03
    2 SNES Function norm 8.840885710553e-10
454 TS dt 0.01 time 4.53
    0 SNES Function norm 4.353838840628e+00
    1 SNES Function norm 4.956603068819e-04
    2 SNES Function norm 3.438699518214e-11
    0 SNES Function norm 3.438699518214e-11
    0 SNES Function norm 9.611251245309e+00
    1 SNES Function norm 4.445939983081e-03
    2 SNES Function norm 8.274840973432e-10
455 TS dt 0.01 time 4.54
    0 SNES Function norm 4.025351991566e+00
    1 SNES Function norm 4.902962867003e-04
    2 SNES Function norm 2.298510037950e-11
    0 SNES Function norm 2.298510037950e-11
    0 SNES Function norm 8.868227541651e+00
    1 SNES Function norm 4.399247474368e-03
    2 SNES Function norm 7.813130275463e-10
456 TS dt 0.01 time 4.55
    0 SNES Function norm 3.695197448585e+00
    1 SNES Function norm 4.854638443601e-04
    2 SNES Function norm 2.434618845070e-11
    0 SNES Function norm 2.434618845070e-11
    0 SNES Function norm 8.131165093441e+00
    1 SNES Function norm 4.357159885882e-03
    2 SNES Function norm 7.399171790667e-10
457 TS dt 0.01 time 4.56
    0 SNES Function norm 3.381860715393e+00
    1 SNES Function norm 4.811026342933e-04
    2 SNES Function norm 2.150315736151e-11
    0 SNES Function norm 2.150315736151e-11
    0 SNES Function norm 7.443438298115e+00
    1 SNES Function norm 4.319135763479e-03
    2 SNES Function norm 7.042251999918e-10
458 TS dt 0.01 time 4.57
    0 SNES Function norm 3.106920717767e+00
    1 SNES Function norm 4.771535490993e-04
    2 SNES Function norm 1.981756934631e-11
    0 SNES Function norm 1.981756934631e-11
    0 SNES Function norm 6.854996004385e+00
    1 SNES Function norm 4.284650242971e-03
    2 SNES Function norm 6.719113627526e-10
459 TS dt 0.01 time 4.58
    0 SNES Function norm 2.893678961649e+00
    1 SNES Function norm 4.735605345846e-04
    2 SNES Function norm 1.515582201500e-11
    0 SNES Function norm 1.515582201500e-11
    0 SNES Function norm 6.418056775400e+00
    1 SNES Function norm 4.253211136826e-03
    2 SNES Function norm 6.370193853392e-10
460 TS dt 0.01 time 4.59
    0 SNES Function norm 2.763190546166e+00
    1 SNES Function norm 4.702722808553e-04
    2 SNES Function norm 2.053760564871e-11
    0 SNES Function norm 2.053760564871e-11
    0 SNES Function norm 6.176510832536e+00
    1 SNES Function norm 4.224373505612e-03
    2 SNES Function norm 6.034257217036e-10
461 TS dt 0.01 time 4.6
    0 SNES Function norm 2.727762303723e+00
    1 SNES Function norm 4.672436262667e-04
    2 SNES Function norm 1.071470299624e-11
    0 SNES Function norm 1.071470299624e-11
    0 SNES Function norm 6.150802795687e+00
    1 SNES Function norm 4.197750962128e-03
    2 SNES Function norm 5.540592538676e-10
462 TS dt 0.01 time 4.61
    0 SNES Function norm 2.785418380635e+00
    1 SNES Function norm 4.644364346881e-04
    2 SNES Function norm 3.357202340615e-11
    0 SNES Function norm 3.357202340615e-11
    0 SNES Function norm 6.327949240517e+00
    1 SNES Function norm 4.173021485312e-03
    2 SNES Function norm 5.113250023431e-10
463 TS dt 0.01 time 4.62
    0 SNES Function norm 2.920193807137e+00
    1 SNES Function norm 4.618197009049e-04
    2 SNES Function norm 1.140190496772e-11
    0 SNES Function norm 1.140190496772e-11
    0 SNES Function norm 6.666086995208e+00
    1 SNES Function norm 4.149925683697e-03
    2 SNES Function norm 4.716098234234e-10
464 TS dt 0.01 time 4.63
    0 SNES Function norm 3.108261385000e+00
    1 SNES Function norm 4.593687158868e-04
    2 SNES Function norm 2.438333872752e-11
    0 SNES Function norm 2.438333872752e-11
    0 SNES Function norm 7.109875779816e+00
    1 SNES Function norm 4.128256270492e-03
    2 SNES Function norm 4.288287160733e-10
465 TS dt 0.01 time 4.64
    0 SNES Function norm 3.324884015553e+00
    1 SNES Function norm 4.570632259372e-04
    2 SNES Function norm 1.668696216090e-11
    0 SNES Function norm 1.668696216090e-11
    0 SNES Function norm 7.604932650383e+00
    1 SNES Function norm 4.107838764517e-03
    2 SNES Function norm 3.842505805309e-10
466 TS dt 0.01 time 4.65
    0 SNES Function norm 3.548507454599e+00
    1 SNES Function norm 4.548847184618e-04
    2 SNES Function norm 2.531261654121e-11
    0 SNES Function norm 2.531261654121e-11
    0 SNES Function norm 8.105194570789e+00
    1 SNES Function norm 4.088504867296e-03
    2 SNES Function norm 3.483203344866e-10
467 TS dt 0.01 time 4.66
    0 SNES Function norm 3.761982155783e+00
    1 SNES Function norm 4.528130686935e-04
    2 SNES Function norm 2.965380833673e-11
    0 SNES Function norm 2.965380833673e-11
    0 SNES Function norm 8.574548984612e+00
    1 SNES Function norm 4.070061261941e-03
    2 SNES Function norm 3.144104329389e-10
468 TS dt 0.01 time 4.67
    0 SNES Function norm 3.952317974421e+00
    1 SNES Function norm 4.508229554509e-04
    2 SNES Function norm 3.737856578338e-11
    0 SNES Function norm 3.737856578338e-11
    0 SNES Function norm 8.985889562189e+00
    1 SNES Function norm 4.052257525738e-03
    2 SNES Function norm 2.863988559727e-10
469 TS dt 0.01 time 4.68
    0 SNES Function norm 4.110018549581e+00
    1 SNES Function norm 4.488804668499e-04
    2 SNES Function norm 1.701685800167e-11
    0 SNES Function norm 1.701685800167e-11
    0 SNES Function norm 9.319585079555e+00
    1 SNES Function norm 4.034757190830e-03
    2 SNES Function norm 2.607998839408e-10
470 TS dt 0.01 time 4.69
    0 SNES Function norm 4.228449189215e+00
    1 SNES Function norm 4.469403608729e-04
    2 SNES Function norm 2.182181608863e-11
    0 SNES Function norm 2.182181608863e-11
    0 SNES Function norm 9.562137438931e+00
    1 SNES Function norm 4.017115732815e-03
    2 SNES Function norm 2.386526640591e-10
471 TS dt 0.01 time 4.7
    0 SNES Function norm 4.303360637767e+00
    1 SNES Function norm 4.449443157658e-04
    2 SNES Function norm 2.938370052763e-11
    0 SNES Function norm 2.938370052763e-11
    0 SNES Function norm 9.705203033221e+00
    1 SNES Function norm 3.998768451168e-03
    2 SNES Function norm 2.201752912696e-10
472 TS dt 0.01 time 4.71
    0 SNES Function norm 4.332567552446e+00
    1 SNES Function norm 4.428204424418e-04
    2 SNES Function norm 2.797331177576e-11
    0 SNES Function norm 2.797331177576e-11
    0 SNES Function norm 9.744946456457e+00
    1 SNES Function norm 3.979029973199e-03
    2 SNES Function norm 2.053591059863e-10
473 TS dt 0.01 time 4.72
    0 SNES Function norm 4.315751438800e+00
    1 SNES Function norm 4.404841304909e-04
    2 SNES Function norm 1.457755270178e-11
    0 SNES Function norm 1.457755270178e-11
    0 SNES Function norm 9.681656896349e+00
    1 SNES Function norm 3.957105749070e-03
    2 SNES Function norm 1.926991381432e-10
474 TS dt 0.01 time 4.73
    0 SNES Function norm 4.254361009202e+00
    1 SNES Function norm 4.378401711164e-04
    2 SNES Function norm 2.867983263382e-11
    0 SNES Function norm 2.867983263382e-11
    0 SNES Function norm 9.519572088061e+00
    1 SNES Function norm 3.932114598197e-03
    2 SNES Function norm 1.834508731147e-10
475 TS dt 0.01 time 4.74
    0 SNES Function norm 4.151593839323e+00
    1 SNES Function norm 4.347859814292e-04
    2 SNES Function norm 1.964554854873e-11
    0 SNES Function norm 1.964554854873e-11
    0 SNES Function norm 9.266879848795e+00
    1 SNES Function norm 3.903120357123e-03
    2 SNES Function norm 1.786374569436e-10
476 TS dt 0.01 time 4.75
    0 SNES Function norm 4.012453389211e+00
    1 SNES Function norm 4.312156468658e-04
    2 SNES Function norm 7.562250143701e-12
    0 SNES Function norm 7.562250143701e-12
    0 SNES Function norm 8.935888230730e+00
    1 SNES Function norm 3.869170033780e-03
    2 SNES Function norm 1.737333135281e-10
477 TS dt 0.01 time 4.76
    0 SNES Function norm 3.843880882599e+00
    1 SNES Function norm 4.270244800611e-04
    2 SNES Function norm 2.054828906028e-11
    0 SNES Function norm 2.054828906028e-11
    0 SNES Function norm 8.543363100582e+00
    1 SNES Function norm 3.829335629369e-03
    2 SNES Function norm 1.722140793028e-10
478 TS dt 0.01 time 4.77
    0 SNES Function norm 3.654956116575e+00
    1 SNES Function norm 4.221137727806e-04
    2 SNES Function norm 1.890021936838e-11
    0 SNES Function norm 1.890021936838e-11
    0 SNES Function norm 8.111009774929e+00
    1 SNES Function norm 3.782756869491e-03
    2 SNES Function norm 1.736068221200e-10
479 TS dt 0.01 time 4.78
    0 SNES Function norm 3.457131554559e+00
    1 SNES Function norm 4.163954619128e-04
    2 SNES Function norm 1.777594216313e-11
    0 SNES Function norm 1.777594216313e-11
    0 SNES Function norm 7.665987043278e+00
    1 SNES Function norm 3.728682374565e-03
    2 SNES Function norm 1.773940188469e-10
480 TS dt 0.01 time 4.79
    0 SNES Function norm 3.264385119246e+00
    1 SNES Function norm 4.097964612334e-04
    2 SNES Function norm 3.813328599963e-11
    0 SNES Function norm 3.813328599963e-11
    0 SNES Function norm 7.241125807649e+00
    1 SNES Function norm 3.666507187705e-03
    2 SNES Function norm 1.829378157165e-10
481 TS dt 0.01 time 4.8
    0 SNES Function norm 3.093021435189e+00
    1 SNES Function norm 4.022624470649e-04
    2 SNES Function norm 2.715036989185e-11
    0 SNES Function norm 2.715036989185e-11
    0 SNES Function norm 6.874131142748e+00
    1 SNES Function norm 3.595804972176e-03
    2 SNES Function norm 1.900421149200e-10
482 TS dt 0.01 time 4.81
    0 SNES Function norm 2.960646918174e+00
    1 SNES Function norm 3.937609633248e-04
    2 SNES Function norm 1.984330529186e-11
    0 SNES Function norm 1.984330529186e-11
    0 SNES Function norm 6.604614061310e+00
    1 SNES Function norm 3.516353532970e-03
    2 SNES Function norm 1.971900709247e-10
483 TS dt 0.01 time 4.82
    0 SNES Function norm 2.883813594970e+00
    1 SNES Function norm 3.842836783620e-04
    2 SNES Function norm 2.863531038467e-11
    0 SNES Function norm 2.863531038467e-11
    0 SNES Function norm 6.467983574448e+00
    1 SNES Function norm 3.428152599724e-03
    2 SNES Function norm 2.058983038913e-10
484 TS dt 0.01 time 4.83
    0 SNES Function norm 2.874428064535e+00
    1 SNES Function norm 3.738477379292e-04
    2 SNES Function norm 7.693040056690e-12
    0 SNES Function norm 7.693040056690e-12
    0 SNES Function norm 6.487058079151e+00
    1 SNES Function norm 3.331433038375e-03
    2 SNES Function norm 2.106566736929e-10
485 TS dt 0.01 time 4.84
    0 SNES Function norm 2.936336630729e+00
    1 SNES Function norm 3.624961035948e-04
    2 SNES Function norm 1.966655295025e-11
    0 SNES Function norm 1.966655295025e-11
    0 SNES Function norm 6.665280260985e+00
    1 SNES Function norm 3.226656914238e-03
    2 SNES Function norm 2.139049463653e-10
486 TS dt 0.01 time 4.85
    0 SNES Function norm 3.064233637406e+00
    1 SNES Function norm 3.502968514271e-04
    2 SNES Function norm 2.965714173401e-11
    0 SNES Function norm 2.965714173401e-11
    0 SNES Function norm 6.986062482625e+00
    1 SNES Function norm 3.114508040036e-03
    2 SNES Function norm 2.126572501905e-10
487 TS dt 0.01 time 4.86
    0 SNES Function norm 3.245675786664e+00
    1 SNES Function norm 3.373414144831e-04
    2 SNES Function norm 2.177576951666e-11
    0 SNES Function norm 2.177576951666e-11
    0 SNES Function norm 7.418677454560e+00
    1 SNES Function norm 2.995873008397e-03
    2 SNES Function norm 2.084172439115e-10
488 TS dt 0.01 time 4.87
    0 SNES Function norm 3.464715235663e+00
    1 SNES Function norm 3.237417739345e-04
    2 SNES Function norm 2.653509524389e-11
    0 SNES Function norm 2.653509524389e-11
    0 SNES Function norm 7.926541173044e+00
    1 SNES Function norm 2.871813078812e-03
    2 SNES Function norm 1.983604309867e-10
489 TS dt 0.01 time 4.88
    0 SNES Function norm 3.705093778334e+00
    1 SNES Function norm 3.096267051455e-04
    2 SNES Function norm 2.570431970044e-11
    0 SNES Function norm 2.570431970044e-11
    0 SNES Function norm 8.473699381861e+00
    1 SNES Function norm 2.743527727045e-03
    2 SNES Function norm 1.892208206352e-10
490 TS dt 0.01 time 4.89
    0 SNES Function norm 3.952087258170e+00
    1 SNES Function norm 2.951371929298e-04
    2 SNES Function norm 1.613753008067e-11
    0 SNES Function norm 1.613753008067e-11
    0 SNES Function norm 9.028227103408e+00
    1 SNES Function norm 2.612311261556e-03
    2 SNES Function norm 1.709144542009e-10
491 TS dt 0.01 time 4.9
    0 SNES Function norm 4.193192973948e+00
    1 SNES Function norm 2.804211975221e-04
    2 SNES Function norm 2.356678017343e-11
    0 SNES Function norm 2.356678017343e-11
    0 SNES Function norm 9.563309362043e+00
    1 SNES Function norm 2.479504391097e-03
    2 SNES Function norm 1.535587234628e-10
492 TS dt 0.01 time 4.91
    0 SNES Function norm 4.418175985823e+00
    1 SNES Function norm 2.656280525026e-04
    2 SNES Function norm 1.943768566404e-11
    0 SNES Function norm 1.943768566404e-11
    0 SNES Function norm 1.005714217502e+01
    1 SNES Function norm 2.346443189619e-03
    2 SNES Function norm 1.365487713414e-10
493 TS dt 0.01 time 4.92
    0 SNES Function norm 4.618864964313e+00
    1 SNES Function norm 2.509027745022e-04
    2 SNES Function norm 2.980392810972e-11
    0 SNES Function norm 2.980392810972e-11
    0 SNES Function norm 1.049241832854e+01
    1 SNES Function norm 2.214408378376e-03
    2 SNES Function norm 1.172843212596e-10
494 TS dt 0.01 time 4.93
    0 SNES Function norm 4.788898182509e+00
    1 SNES Function norm 2.363806498608e-04
    2 SNES Function norm 1.210509466250e-11
    0 SNES Function norm 1.210509466250e-11
    0 SNES Function norm 1.085576323962e+01
    1 SNES Function norm 2.084578117967e-03
    2 SNES Function norm 9.961848742920e-11
495 TS dt 0.01 time 4.94
    0 SNES Function norm 4.923496876860e+00
    1 SNES Function norm 2.221824485968e-04
    2 SNES Function norm 1.037328935280e-11
    0 SNES Function norm 1.037328935280e-11
    0 SNES Function norm 1.113725052517e+01
    1 SNES Function norm 1.957987600472e-03
    2 SNES Function norm 8.345694839336e-11
496 TS dt 0.01 time 4.95
    0 SNES Function norm 5.019284411353e+00
    1 SNES Function norm 2.084106331509e-04
    2 SNES Function norm 2.646529853653e-11
    0 SNES Function norm 2.646529853653e-11
    0 SNES Function norm 1.133002090550e+01
    1 SNES Function norm 1.835498492168e-03
    2 SNES Function norm 6.953311120533e-11
497 TS dt 0.01 time 4.96
    0 SNES Function norm 5.074147500580e+00
    1 SNES Function norm 1.951468522968e-04
    2 SNES Function norm 1.306823229200e-11
    0 SNES Function norm 1.306823229200e-11
    0 SNES Function norm 1.142999065050e+01
    1 SNES Function norm 1.717780642165e-03
    2 SNES Function norm 5.868163463211e-11
498 TS dt 0.01 time 4.97
    0 SNES Function norm 5.087130044901e+00
    1 SNES Function norm 1.824509115036e-04
    2 SNES Function norm 2.944947479255e-11
    0 SNES Function norm 2.944947479255e-11
    0 SNES Function norm 1.143562790861e+01
    1 SNES Function norm 1.605307432067e-03
    2 SNES Function norm 4.470077028333e-11
499 TS dt 0.01 time 4.98
    0 SNES Function norm 5.058350656723e+00
    1 SNES Function norm 1.703612812449e-04
    2 SNES Function norm 1.159259436836e-11
    0 SNES Function norm 1.159259436836e-11
    0 SNES Function norm 1.134777803683e+01
    1 SNES Function norm 1.498364756594e-03
    2 SNES Function norm 4.053417863119e-11
500 TS dt 0.01 time 4.99
    0 SNES Function norm 4.988937309977e+00
    1 SNES Function norm 1.588970203654e-04
    2 SNES Function norm 2.001638000809e-11
    0 SNES Function norm 2.001638000809e-11
    0 SNES Function norm 1.116952463356e+01
    1 SNES Function norm 1.397072029220e-03
    2 SNES Function norm 2.943952162535e-11
501 TS dt 0.01 time 5.
